"","scenario","type","method1","method2","distance","pValue"
"1","287","IMPACT","classic","area",0.2963,0
"2","287","OCCURRENCE","classic","area",0.4229,0
"3","287","IMPACT","classic","center",0.2727,0.0099
"4","287","OCCURRENCE","classic","center",0.303,0.0022
"5","287","IMPACT","classic","centertogrid",0.1515,0.1606
"6","287","OCCURRENCE","classic","centertogrid",0.2023,0.0273
"7","287","IMPACT","classic","reachedgrid",0.1789,0.0234
"8","287","OCCURRENCE","classic","reachedgrid",0.255,7e-04
"9","287","IMPACT","classic","weighted",0.2259,0.0024
"10","287","OCCURRENCE","classic","weighted",0.3647,0
"11","287","IMPACT","classic","pooling",0.6061,0.5672
"12","287","OCCURRENCE","classic","pooling",0.6667,0.4925
"13","287","IMPACT","area","center",0.1565,0.0815
"14","287","OCCURRENCE","area","center",0.1412,0.1487
"15","287","IMPACT","area","centertogrid",0.3311,0
"16","287","OCCURRENCE","area","centertogrid",0.3121,0
"17","287","IMPACT","area","reachedgrid",0.2031,0
"18","287","OCCURRENCE","area","reachedgrid",0.1894,4e-04
"19","287","IMPACT","area","weighted",0.0712,0
"20","287","OCCURRENCE","area","weighted",0.0609,0
"21","287","IMPACT","area","pooling",0.5099,0.9784
"22","287","OCCURRENCE","area","pooling",0.6919,0.6157
"23","287","IMPACT","center","centertogrid",0.3636,2e-04
"24","287","OCCURRENCE","center","centertogrid",0.3548,3e-04
"25","287","IMPACT","center","reachedgrid",0.2752,8e-04
"26","287","OCCURRENCE","center","reachedgrid",0.2528,0.0036
"27","287","IMPACT","center","weighted",0.1217,0.2826
"28","287","OCCURRENCE","center","weighted",0.1004,0.5185
"29","287","IMPACT","center","pooling",0.6061,0.791
"30","287","OCCURRENCE","center","pooling",0.5758,0.8657
"31","287","IMPACT","centertogrid","reachedgrid",0.154,0.0655
"32","287","OCCURRENCE","centertogrid","reachedgrid",0.1227,0.2143
"33","287","IMPACT","centertogrid","weighted",0.3006,0
"34","287","OCCURRENCE","centertogrid","weighted",0.2985,0
"35","287","IMPACT","centertogrid","pooling",0.5152,0.806
"36","287","OCCURRENCE","centertogrid","pooling",0.5846,0.7727
"37","287","IMPACT","reachedgrid","weighted",0.2737,0
"38","287","OCCURRENCE","reachedgrid","weighted",0.1877,3e-04
"39","287","IMPACT","reachedgrid","pooling",0.6691,0.5109
"40","287","OCCURRENCE","reachedgrid","pooling",0.7073,0.5081
"41","287","IMPACT","weighted","pooling",0.581,0.8884
"42","287","OCCURRENCE","weighted","pooling",0.6399,0.8075
"43","288","IMPACT","classic","area",0.2623,3e-04
"44","288","OCCURRENCE","classic","area",0.3185,0
"45","288","IMPACT","classic","center",0.3182,0.0015
"46","288","OCCURRENCE","classic","center",0.2879,0.0048
"47","288","IMPACT","classic","centertogrid",0.1667,0.0966
"48","288","OCCURRENCE","classic","centertogrid",0.1667,0.0946
"49","288","IMPACT","classic","reachedgrid",0.1168,0.1926
"50","288","OCCURRENCE","classic","reachedgrid",0.1938,0.0175
"51","288","IMPACT","classic","weighted",0.2833,1e-04
"52","288","OCCURRENCE","classic","weighted",0.3154,0
"53","288","IMPACT","classic","pooling",0.5455,0.5373
"54","288","OCCURRENCE","classic","pooling",0.5758,0.5224
"55","288","IMPACT","area","center",0.1108,0.3994
"56","288","OCCURRENCE","area","center",0.0805,0.7953
"57","288","IMPACT","area","centertogrid",0.1885,0.0194
"58","288","OCCURRENCE","area","centertogrid",0.1973,0.0128
"59","288","IMPACT","area","reachedgrid",0.1693,0.001
"60","288","OCCURRENCE","area","reachedgrid",0.1438,0.0282
"61","288","IMPACT","area","weighted",0.0296,0
"62","288","OCCURRENCE","area","weighted",0.0068,0.9956
"63","288","IMPACT","area","pooling",0.5006,0.9957
"64","288","OCCURRENCE","area","pooling",0.6295,0.7373
"65","288","IMPACT","center","centertogrid",0.2273,0.0496
"66","288","OCCURRENCE","center","centertogrid",0.1667,0.2631
"67","288","IMPACT","center","reachedgrid",0.2465,0.0038
"68","288","OCCURRENCE","center","reachedgrid",0.1795,0.0861
"69","288","IMPACT","center","weighted",0.0819,0.7684
"70","288","OCCURRENCE","center","weighted",0.0752,0.8496
"71","288","IMPACT","center","pooling",0.5303,0.9552
"72","288","OCCURRENCE","center","pooling",0.5909,0.8358
"73","288","IMPACT","centertogrid","reachedgrid",0.0498,0.7923
"74","288","OCCURRENCE","centertogrid","reachedgrid",0.0726,0.6654
"75","288","IMPACT","centertogrid","weighted",0.1673,0.0497
"76","288","OCCURRENCE","centertogrid","weighted",0.1942,0.0138
"77","288","IMPACT","centertogrid","pooling",0.5303,0.7164
"78","288","OCCURRENCE","centertogrid","pooling",0.5909,0.6716
"79","288","IMPACT","reachedgrid","weighted",0.1727,6e-04
"80","288","OCCURRENCE","reachedgrid","weighted",0.1469,0.0206
"81","288","IMPACT","reachedgrid","pooling",0.5111,0.6838
"82","288","OCCURRENCE","reachedgrid","pooling",0.6038,0.729
"83","288","IMPACT","weighted","pooling",0.5255,0.9453
"84","288","OCCURRENCE","weighted","pooling",0.625,0.8296
"85","290","IMPACT","classic","area",0.3602,0
"86","290","OCCURRENCE","classic","area",0.3523,0
"87","290","IMPACT","classic","center",0.2647,0.0107
"88","290","OCCURRENCE","classic","center",0.2647,0.0088
"89","290","IMPACT","classic","centertogrid",0.2059,0.0284
"90","290","OCCURRENCE","classic","centertogrid",0.1798,0.0537
"91","290","IMPACT","classic","reachedgrid",0.1886,0.0146
"92","290","OCCURRENCE","classic","reachedgrid",0.1867,0.0173
"93","290","IMPACT","classic","weighted",0.3249,0
"94","290","OCCURRENCE","classic","weighted",0.3182,0
"95","290","IMPACT","classic","pooling",0.7059,0.6087
"96","290","OCCURRENCE","classic","pooling",0.7206,0.5362
"97","290","IMPACT","area","center",0.1213,0.2752
"98","290","OCCURRENCE","area","center",0.139,0.1502
"99","290","IMPACT","area","centertogrid",0.2214,0.0027
"100","290","OCCURRENCE","area","centertogrid",0.3013,0
"101","290","IMPACT","area","reachedgrid",0.1715,5e-04
"102","290","OCCURRENCE","area","reachedgrid",0.1921,4e-04
"103","290","IMPACT","area","weighted",0.0355,0
"104","290","OCCURRENCE","area","weighted",0.0382,0
"105","290","IMPACT","area","pooling",0.5801,0.8389
"106","290","OCCURRENCE","area","pooling",0.692,0.616
"107","290","IMPACT","center","centertogrid",0.2059,0.0859
"108","290","OCCURRENCE","center","centertogrid",0.3145,0.0015
"109","290","IMPACT","center","reachedgrid",0.2205,0.0097
"110","290","OCCURRENCE","center","reachedgrid",0.2265,0.0115
"111","290","IMPACT","center","weighted",0.0863,0.6917
"112","290","OCCURRENCE","center","weighted",0.1148,0.3314
"113","290","IMPACT","center","pooling",0.5294,0.9565
"114","290","OCCURRENCE","center","pooling",0.6029,0.8116
"115","290","IMPACT","centertogrid","reachedgrid",0.0736,0.5594
"116","290","OCCURRENCE","centertogrid","reachedgrid",0.1146,0.2553
"117","290","IMPACT","centertogrid","weighted",0.1917,0.0135
"118","290","OCCURRENCE","centertogrid","weighted",0.2917,0
"119","290","IMPACT","centertogrid","pooling",0.5,1
"120","290","OCCURRENCE","centertogrid","pooling",0.6119,0.7941
"121","290","IMPACT","reachedgrid","weighted",0.1582,0.0014
"122","290","OCCURRENCE","reachedgrid","weighted",0.1771,0.0013
"123","290","IMPACT","reachedgrid","pooling",0.5172,0.7055
"124","290","OCCURRENCE","reachedgrid","pooling",0.7265,0.5085
"125","290","IMPACT","weighted","pooling",0.5478,0.925
"126","290","OCCURRENCE","weighted","pooling",0.6612,0.7745
"127","291","IMPACT","classic","area",0.2243,0.0017
"128","291","OCCURRENCE","classic","area",0.3418,0
"129","291","IMPACT","classic","center",0.2535,0.0136
"130","291","OCCURRENCE","classic","center",0.3662,1e-04
"131","291","IMPACT","classic","centertogrid",0.0986,0.5016
"132","291","OCCURRENCE","classic","centertogrid",0.2394,0.0051
"133","291","IMPACT","classic","reachedgrid",0.0895,0.425
"134","291","OCCURRENCE","classic","reachedgrid",0.2435,0.0017
"135","291","IMPACT","classic","weighted",0.1917,0.0108
"136","291","OCCURRENCE","classic","weighted",0.3506,0
"137","291","IMPACT","classic","pooling",0.7183,0.4722
"138","291","OCCURRENCE","classic","pooling",0.6197,0.5833
"139","291","IMPACT","area","center",0.1011,0.4701
"140","291","OCCURRENCE","area","center",0.0557,0.9819
"141","291","IMPACT","area","centertogrid",0.2262,0.0015
"142","291","OCCURRENCE","area","centertogrid",0.1619,0.0514
"143","291","IMPACT","area","reachedgrid",0.1704,8e-04
"144","291","OCCURRENCE","area","reachedgrid",0.1449,0.0187
"145","291","IMPACT","area","weighted",0.0327,0
"146","291","OCCURRENCE","area","weighted",0.0114,0.6127
"147","291","IMPACT","area","pooling",0.604,0.7903
"148","291","OCCURRENCE","area","pooling",0.51,0.977
"149","291","IMPACT","center","centertogrid",0.2535,0.0155
"150","291","OCCURRENCE","center","centertogrid",0.1549,0.3047
"151","291","IMPACT","center","reachedgrid",0.2671,9e-04
"152","291","OCCURRENCE","center","reachedgrid",0.1481,0.1954
"153","291","IMPACT","center","weighted",0.0685,0.8929
"154","291","OCCURRENCE","center","weighted",0.0575,0.9729
"155","291","IMPACT","center","pooling",0.5211,0.9722
"156","291","OCCURRENCE","center","pooling",0.507,1
"157","291","IMPACT","centertogrid","reachedgrid",0.0558,0.7582
"158","291","OCCURRENCE","centertogrid","reachedgrid",0.0355,0.9561
"159","291","IMPACT","centertogrid","weighted",0.2157,0.0027
"160","291","OCCURRENCE","centertogrid","weighted",0.153,0.0719
"161","291","IMPACT","centertogrid","pooling",0.6761,0.5417
"162","291","OCCURRENCE","centertogrid","pooling",0.6056,0.7361
"163","291","IMPACT","reachedgrid","weighted",0.1986,0
"164","291","OCCURRENCE","reachedgrid","weighted",0.1475,0.014
"165","291","IMPACT","reachedgrid","pooling",0.7319,0.5108
"166","291","OCCURRENCE","reachedgrid","pooling",0.5702,0.7739
"167","291","IMPACT","weighted","pooling",0.5717,0.8994
"168","291","OCCURRENCE","weighted","pooling",0.5013,0.9631
"169","292","IMPACT","classic","area",0.2411,6e-04
"170","292","OCCURRENCE","classic","area",0.4133,0
"171","292","IMPACT","classic","center",0.3286,6e-04
"172","292","OCCURRENCE","classic","center",0.4,0
"173","292","IMPACT","classic","centertogrid",0.1058,0.2962
"174","292","OCCURRENCE","classic","centertogrid",0.3366,1e-04
"175","292","IMPACT","classic","reachedgrid",0.0469,0.9999
"176","292","OCCURRENCE","classic","reachedgrid",0.2831,1e-04
"177","292","IMPACT","classic","weighted",0.2942,0
"178","292","OCCURRENCE","classic","weighted",0.4035,0
"179","292","IMPACT","classic","pooling",0.7,0.6056
"180","292","OCCURRENCE","classic","pooling",0.7714,0.4789
"181","292","IMPACT","area","center",0.1389,0.1377
"182","292","OCCURRENCE","area","center",0.0673,0.913
"183","292","IMPACT","area","centertogrid",0.2828,0
"184","292","OCCURRENCE","area","centertogrid",0.2164,0.0034
"185","292","IMPACT","area","reachedgrid",0.224,0
"186","292","OCCURRENCE","area","reachedgrid",0.1628,0.0025
"187","292","IMPACT","area","weighted",0.0551,0
"188","292","OCCURRENCE","area","weighted",0.0218,0.0136
"189","292","IMPACT","area","pooling",0.6521,0.6948
"190","292","OCCURRENCE","area","pooling",0.545,0.908
"191","292","IMPACT","center","centertogrid",0.3201,9e-04
"192","292","OCCURRENCE","center","centertogrid",0.2081,0.0629
"193","292","IMPACT","center","reachedgrid",0.2816,0.0011
"194","292","OCCURRENCE","center","reachedgrid",0.1742,0.0715
"195","292","IMPACT","center","weighted",0.0838,0.7091
"196","292","OCCURRENCE","center","weighted",0.0756,0.8187
"197","292","IMPACT","center","pooling",0.6,0.8169
"198","292","OCCURRENCE","center","pooling",0.5143,0.9859
"199","292","IMPACT","centertogrid","reachedgrid",0.0964,0.7752
"200","292","OCCURRENCE","centertogrid","reachedgrid",0.0536,0.8076
"201","292","IMPACT","centertogrid","weighted",0.2678,1e-04
"202","292","OCCURRENCE","centertogrid","weighted",0.233,0.0011
"203","292","IMPACT","centertogrid","pooling",0.5942,0.6143
"204","292","OCCURRENCE","centertogrid","pooling",0.5652,0.6429
"205","292","IMPACT","reachedgrid","weighted",0.2472,0
"206","292","OCCURRENCE","reachedgrid","weighted",0.1794,5e-04
"207","292","IMPACT","reachedgrid","pooling",0.6531,0.6486
"208","292","OCCURRENCE","reachedgrid","pooling",0.5116,0.7231
"209","292","IMPACT","weighted","pooling",0.6124,0.8474
"210","292","OCCURRENCE","weighted","pooling",0.5541,0.9186
"211","293","IMPACT","classic","area",0.2851,2e-04
"212","293","OCCURRENCE","classic","area",0.2905,2e-04
"213","293","IMPACT","classic","center",0.2456,0.042
"214","293","OCCURRENCE","classic","center",0.2456,0.0407
"215","293","IMPACT","classic","centertogrid",0.0702,0.8212
"216","293","OCCURRENCE","classic","centertogrid",0.1579,0.1625
"217","293","IMPACT","classic","reachedgrid",0.0989,0.3852
"218","293","OCCURRENCE","classic","reachedgrid",0.1319,0.164
"219","293","IMPACT","classic","weighted",0.2414,0.0026
"220","293","OCCURRENCE","classic","weighted",0.2675,6e-04
"221","293","IMPACT","classic","pooling",0.7368,0.5345
"222","293","OCCURRENCE","classic","pooling",0.7368,0.5
"223","293","IMPACT","area","center",0.1529,0.1432
"224","293","OCCURRENCE","area","center",0.0852,0.8089
"225","293","IMPACT","area","centertogrid",0.2501,0.0017
"226","293","OCCURRENCE","area","centertogrid",0.2852,2e-04
"227","293","IMPACT","area","reachedgrid",0.2044,2e-04
"228","293","OCCURRENCE","area","reachedgrid",0.1817,0.0032
"229","293","IMPACT","area","weighted",0.0478,0
"230","293","OCCURRENCE","area","weighted",0.0254,0.0107
"231","293","IMPACT","area","pooling",0.6101,0.7796
"232","293","OCCURRENCE","area","pooling",0.5672,0.8659
"233","293","IMPACT","center","centertogrid",0.2456,0.0472
"234","293","OCCURRENCE","center","centertogrid",0.3158,0.005
"235","293","IMPACT","center","reachedgrid",0.2054,0.0401
"236","293","OCCURRENCE","center","reachedgrid",0.2123,0.038
"237","293","IMPACT","center","weighted",0.1061,0.5421
"238","293","OCCURRENCE","center","weighted",0.0644,0.9723
"239","293","IMPACT","center","pooling",0.5439,0.931
"240","293","OCCURRENCE","center","pooling",0.5263,0.9655
"241","293","IMPACT","centertogrid","reachedgrid",0.0767,0.5574
"242","293","OCCURRENCE","centertogrid","reachedgrid",0.1035,0.3981
"243","293","IMPACT","centertogrid","weighted",0.2312,0.0045
"244","293","OCCURRENCE","centertogrid","weighted",0.2777,3e-04
"245","293","IMPACT","centertogrid","pooling",0.6667,0.6379
"246","293","OCCURRENCE","centertogrid","pooling",0.5965,0.7931
"247","293","IMPACT","reachedgrid","weighted",0.1981,2e-04
"248","293","OCCURRENCE","reachedgrid","weighted",0.201,6e-04
"249","293","IMPACT","reachedgrid","pooling",0.7069,0.4274
"250","293","OCCURRENCE","reachedgrid","pooling",0.7,0.4257
"251","293","IMPACT","weighted","pooling",0.5686,0.9029
"252","293","OCCURRENCE","weighted","pooling",0.5432,0.9294
"253","294","IMPACT","classic","area",0.3387,0
"254","294","OCCURRENCE","classic","area",0.2703,2e-04
"255","294","IMPACT","classic","center",0.3538,4e-04
"256","294","OCCURRENCE","classic","center",0.3231,0.0014
"257","294","IMPACT","classic","centertogrid",0.0923,0.5517
"258","294","OCCURRENCE","classic","centertogrid",0.1077,0.377
"259","294","IMPACT","classic","reachedgrid",0.1333,0.1188
"260","294","OCCURRENCE","classic","reachedgrid",0.1538,0.0573
"261","294","IMPACT","classic","weighted",0.3207,0
"262","294","OCCURRENCE","classic","weighted",0.266,2e-04
"263","294","IMPACT","classic","pooling",0.5385,0.7121
"264","294","OCCURRENCE","classic","pooling",0.6,0.6061
"265","294","IMPACT","area","center",0.1524,0.1007
"266","294","OCCURRENCE","area","center",0.1109,0.4096
"267","294","IMPACT","area","centertogrid",0.2487,7e-04
"268","294","OCCURRENCE","area","centertogrid",0.3627,0
"269","294","IMPACT","area","reachedgrid",0.2055,0
"270","294","OCCURRENCE","area","reachedgrid",0.2249,0
"271","294","IMPACT","area","weighted",0.0649,0
"272","294","OCCURRENCE","area","weighted",0.0409,0
"273","294","IMPACT","area","pooling",0.5805,0.8359
"274","294","OCCURRENCE","area","pooling",0.5877,0.8243
"275","294","IMPACT","center","centertogrid",0.2615,0.0164
"276","294","OCCURRENCE","center","centertogrid",0.4154,0
"277","294","IMPACT","center","reachedgrid",0.2564,0.0025
"278","294","OCCURRENCE","center","reachedgrid",0.2776,0.0015
"279","294","IMPACT","center","weighted",0.0929,0.6289
"280","294","OCCURRENCE","center","weighted",0.0964,0.5817
"281","294","IMPACT","center","pooling",0.5231,0.9697
"282","294","OCCURRENCE","center","pooling",0.5077,1
"283","294","IMPACT","centertogrid","reachedgrid",0.0683,0.5923
"284","294","OCCURRENCE","centertogrid","reachedgrid",0.1378,0.1171
"285","294","IMPACT","centertogrid","weighted",0.2284,0.0023
"286","294","OCCURRENCE","centertogrid","weighted",0.3583,0
"287","294","IMPACT","centertogrid","pooling",0.6308,0.6212
"288","294","OCCURRENCE","centertogrid","pooling",0.5077,1
"289","294","IMPACT","reachedgrid","weighted",0.2276,0
"290","294","OCCURRENCE","reachedgrid","weighted",0.2354,0
"291","294","IMPACT","reachedgrid","pooling",0.6718,0.6364
"292","294","OCCURRENCE","reachedgrid","pooling",0.6455,0.6757
"293","294","IMPACT","weighted","pooling",0.5287,0.9426
"294","294","OCCURRENCE","weighted","pooling",0.5504,0.9224
"295","297","IMPACT","classic","area",0.2374,0.001
"296","297","OCCURRENCE","classic","area",0.2901,0
"297","297","IMPACT","classic","center",0.2206,0.0533
"298","297","OCCURRENCE","classic","center",0.2647,0.0087
"299","297","IMPACT","classic","centertogrid",0.0882,0.5599
"300","297","OCCURRENCE","classic","centertogrid",0.1912,0.045
"301","297","IMPACT","classic","reachedgrid",0.1269,0.1182
"302","297","OCCURRENCE","classic","reachedgrid",0.1664,0.0418
"303","297","IMPACT","classic","weighted",0.2048,0.0067
"304","297","OCCURRENCE","classic","weighted",0.2623,2e-04
"305","297","IMPACT","classic","pooling",0.7059,0.3623
"306","297","OCCURRENCE","classic","pooling",0.7206,0.5072
"307","297","IMPACT","area","center",0.1075,0.4183
"308","297","OCCURRENCE","area","center",0.109,0.4035
"309","297","IMPACT","area","centertogrid",0.2877,0
"310","297","OCCURRENCE","area","centertogrid",0.2731,1e-04
"311","297","IMPACT","area","reachedgrid",0.1696,8e-04
"312","297","OCCURRENCE","area","reachedgrid",0.1937,6e-04
"313","297","IMPACT","area","weighted",0.0381,0
"314","297","OCCURRENCE","area","weighted",0.028,0.0022
"315","297","IMPACT","area","pooling",0.7417,0.5166
"316","297","OCCURRENCE","area","pooling",0.5094,0.981
"317","297","IMPACT","center","centertogrid",0.3088,0.0023
"318","297","OCCURRENCE","center","centertogrid",0.2353,0.0363
"319","297","IMPACT","center","reachedgrid",0.1916,0.0362
"320","297","OCCURRENCE","center","reachedgrid",0.197,0.042
"321","297","IMPACT","center","weighted",0.0765,0.8211
"322","297","OCCURRENCE","center","weighted",0.085,0.7091
"323","297","IMPACT","center","pooling",0.6471,0.7246
"324","297","OCCURRENCE","center","pooling",0.5147,0.9855
"325","297","IMPACT","centertogrid","reachedgrid",0.1181,0.1929
"326","297","OCCURRENCE","centertogrid","reachedgrid",0.0794,0.5757
"327","297","IMPACT","centertogrid","weighted",0.2733,1e-04
"328","297","OCCURRENCE","centertogrid","weighted",0.2629,2e-04
"329","297","IMPACT","centertogrid","pooling",0.6176,0.7681
"330","297","OCCURRENCE","centertogrid","pooling",0.5294,0.8406
"331","297","IMPACT","reachedgrid","weighted",0.1845,1e-04
"332","297","OCCURRENCE","reachedgrid","weighted",0.1836,0.0011
"333","297","IMPACT","reachedgrid","pooling",0.7357,0.4539
"334","297","OCCURRENCE","reachedgrid","pooling",0.5586,0.7321
"335","297","IMPACT","weighted","pooling",0.7078,0.6982
"336","297","OCCURRENCE","weighted","pooling",0.5173,0.9518
"337","309","IMPACT","classic","area",0.3864,0
"338","309","OCCURRENCE","classic","area",0.3461,0
"339","309","IMPACT","classic","center",0.3333,4e-04
"340","309","OCCURRENCE","classic","center",0.3333,4e-04
"341","309","IMPACT","classic","centertogrid",0.2319,0.0101
"342","309","OCCURRENCE","classic","centertogrid",0.2099,0.0163
"343","309","IMPACT","classic","reachedgrid",0.2246,0.0173
"344","309","OCCURRENCE","classic","reachedgrid",0.1545,0.0575
"345","309","IMPACT","classic","weighted",0.3559,0
"346","309","OCCURRENCE","classic","weighted",0.337,0
"347","309","IMPACT","classic","pooling",0.7246,0.4429
"348","309","OCCURRENCE","classic","pooling",0.8261,0.2286
"349","309","IMPACT","area","center",0.1425,0.1246
"350","309","OCCURRENCE","area","center",0.0983,0.5269
"351","309","IMPACT","area","centertogrid",0.1958,0.0106
"352","309","OCCURRENCE","area","centertogrid",0.2495,5e-04
"353","309","IMPACT","area","reachedgrid",0.1618,0.001
"354","309","OCCURRENCE","area","reachedgrid",0.1916,6e-04
"355","309","IMPACT","area","weighted",0.0382,0
"356","309","OCCURRENCE","area","weighted",0.0159,0.2014
"357","309","IMPACT","area","pooling",0.656,0.6863
"358","309","OCCURRENCE","area","pooling",0.6401,0.7201
"359","309","IMPACT","center","centertogrid",0.2319,0.0374
"360","309","OCCURRENCE","center","centertogrid",0.309,0.0017
"361","309","IMPACT","center","reachedgrid",0.2246,0.0173
"362","309","OCCURRENCE","center","reachedgrid",0.2487,0.0047
"363","309","IMPACT","center","weighted",0.1045,0.4386
"364","309","OCCURRENCE","center","weighted",0.0842,0.7118
"365","309","IMPACT","center","pooling",0.6087,0.8
"366","309","OCCURRENCE","center","pooling",0.6087,0.8
"367","309","IMPACT","centertogrid","reachedgrid",0.0727,0.9649
"368","309","OCCURRENCE","centertogrid","reachedgrid",0.0604,0.7477
"369","309","IMPACT","centertogrid","weighted",0.1947,0.0107
"370","309","OCCURRENCE","centertogrid","weighted",0.246,5e-04
"371","309","IMPACT","centertogrid","pooling",0.5072,1
"372","309","OCCURRENCE","centertogrid","pooling",0.6765,0.4928
"373","309","IMPACT","reachedgrid","weighted",0.1875,1e-04
"374","309","OCCURRENCE","reachedgrid","weighted",0.1857,8e-04
"375","309","IMPACT","reachedgrid","pooling",0.5,1
"376","309","OCCURRENCE","reachedgrid","pooling",0.7368,0.4348
"377","309","IMPACT","weighted","pooling",0.6257,0.8285
"378","309","OCCURRENCE","weighted","pooling",0.6298,0.8226
"379","317","IMPACT","classic","area",0.2704,1e-04
"380","317","OCCURRENCE","classic","area",0.3229,0
"381","317","IMPACT","classic","center",0.2424,0.0252
"382","317","OCCURRENCE","classic","center",0.2879,0.0041
"383","317","IMPACT","classic","centertogrid",0.0758,0.7159
"384","317","OCCURRENCE","classic","centertogrid",0.1583,0.0829
"385","317","IMPACT","classic","reachedgrid",0.0828,0.4138
"386","317","OCCURRENCE","classic","reachedgrid",0.1582,0.0487
"387","317","IMPACT","classic","weighted",0.2536,4e-04
"388","317","OCCURRENCE","classic","weighted",0.288,0
"389","317","IMPACT","classic","pooling",0.7424,0.5224
"390","317","OCCURRENCE","classic","pooling",0.7121,0.4478
"391","317","IMPACT","area","center",0.1079,0.4328
"392","317","OCCURRENCE","area","center",0.1138,0.3696
"393","317","IMPACT","area","centertogrid",0.2318,0.0018
"394","317","OCCURRENCE","area","centertogrid",0.3111,0
"395","317","IMPACT","area","reachedgrid",0.1981,0
"396","317","OCCURRENCE","area","reachedgrid",0.1949,5e-04
"397","317","IMPACT","area","weighted",0.045,0
"398","317","OCCURRENCE","area","weighted",0.0357,0
"399","317","IMPACT","area","pooling",0.6161,0.7678
"400","317","OCCURRENCE","area","pooling",0.5329,0.9314
"401","317","IMPACT","center","centertogrid",0.3182,0.0015
"402","317","OCCURRENCE","center","centertogrid",0.3552,3e-04
"403","317","IMPACT","center","reachedgrid",0.2544,0.002
"404","317","OCCURRENCE","center","reachedgrid",0.2483,0.0052
"405","317","IMPACT","center","weighted",0.0961,0.5764
"406","317","OCCURRENCE","center","weighted",0.0886,0.6785
"407","317","IMPACT","center","pooling",0.5455,0.9254
"408","317","OCCURRENCE","center","pooling",0.5152,0.9851
"409","317","IMPACT","centertogrid","reachedgrid",0.0638,0.6428
"410","317","OCCURRENCE","centertogrid","reachedgrid",0.1187,0.2075
"411","317","IMPACT","centertogrid","weighted",0.2221,0.003
"412","317","OCCURRENCE","centertogrid","weighted",0.2964,0
"413","317","IMPACT","centertogrid","pooling",0.6667,0.6716
"414","317","OCCURRENCE","centertogrid","pooling",0.5538,0.697
"415","317","IMPACT","reachedgrid","weighted",0.2417,0
"416","317","OCCURRENCE","reachedgrid","weighted",0.2298,0
"417","317","IMPACT","reachedgrid","pooling",0.7305,0.4014
"418","317","OCCURRENCE","reachedgrid","pooling",0.6726,0.6404
"419","317","IMPACT","weighted","pooling",0.5768,0.8935
"420","317","OCCURRENCE","weighted","pooling",0.502,0.9627
"421","319","IMPACT","classic","area",0.323,0
"422","319","OCCURRENCE","classic","area",0.3284,0
"423","319","IMPACT","classic","center",0.3582,1e-04
"424","319","OCCURRENCE","classic","center",0.3731,0
"425","319","IMPACT","classic","centertogrid",0.1045,0.3387
"426","319","OCCURRENCE","classic","centertogrid",0.194,0.03
"427","319","IMPACT","classic","reachedgrid",0.1787,0.0154
"428","319","OCCURRENCE","classic","reachedgrid",0.175,0.0233
"429","319","IMPACT","classic","weighted",0.3097,0
"430","319","OCCURRENCE","classic","weighted",0.3349,0
"431","319","IMPACT","classic","pooling",0.7612,0.4118
"432","319","OCCURRENCE","classic","pooling",0.806,0.3676
"433","319","IMPACT","area","center",0.1295,0.2162
"434","319","OCCURRENCE","area","center",0.0733,0.87
"435","319","IMPACT","area","centertogrid",0.2185,0.0035
"436","319","OCCURRENCE","area","centertogrid",0.2627,2e-04
"437","319","IMPACT","area","reachedgrid",0.2153,0
"438","319","OCCURRENCE","area","reachedgrid",0.2268,0
"439","319","IMPACT","area","weighted",0.042,0
"440","319","OCCURRENCE","area","weighted",0.01,0.74
"441","319","IMPACT","area","pooling",0.5672,0.8653
"442","319","OCCURRENCE","area","pooling",0.6029,0.7906
"443","319","IMPACT","center","centertogrid",0.2687,0.0103
"444","319","OCCURRENCE","center","centertogrid",0.2836,0.006
"445","319","IMPACT","center","reachedgrid",0.3042,1e-04
"446","319","OCCURRENCE","center","reachedgrid",0.2715,0.0015
"447","319","IMPACT","center","weighted",0.0947,0.5846
"448","319","OCCURRENCE","center","weighted",0.0719,0.8794
"449","319","IMPACT","center","pooling",0.5522,0.9118
"450","319","OCCURRENCE","center","pooling",0.5522,0.8971
"451","319","IMPACT","centertogrid","reachedgrid",0.0981,0.2931
"452","319","OCCURRENCE","centertogrid","reachedgrid",0.1003,0.2822
"453","319","IMPACT","centertogrid","weighted",0.2201,0.003
"454","319","OCCURRENCE","centertogrid","weighted",0.2603,2e-04
"455","319","IMPACT","centertogrid","pooling",0.6716,0.6029
"456","319","OCCURRENCE","centertogrid","pooling",0.6119,0.6324
"457","319","IMPACT","reachedgrid","weighted",0.2556,0
"458","319","OCCURRENCE","reachedgrid","weighted",0.2333,0
"459","319","IMPACT","reachedgrid","pooling",0.7071,0.4397
"460","319","OCCURRENCE","reachedgrid","pooling",0.7043,0.3879
"461","319","IMPACT","weighted","pooling",0.5329,0.939
"462","319","OCCURRENCE","weighted","pooling",0.5942,0.8718
"463","322","IMPACT","classic","area",0.3214,0
"464","322","OCCURRENCE","classic","area",0.3965,0
"465","322","IMPACT","classic","center",0.2836,0.0047
"466","322","OCCURRENCE","classic","center",0.3284,3e-04
"467","322","IMPACT","classic","centertogrid",0.1493,0.14
"468","322","OCCURRENCE","classic","centertogrid",0.2388,0.0057
"469","322","IMPACT","classic","reachedgrid",0.146,0.0688
"470","322","OCCURRENCE","classic","reachedgrid",0.2357,0.0016
"471","322","IMPACT","classic","weighted",0.2537,4e-04
"472","322","OCCURRENCE","classic","weighted",0.3801,0
"473","322","IMPACT","classic","pooling",0.7164,0.5147
"474","322","OCCURRENCE","classic","pooling",0.8358,0.1765
"475","322","IMPACT","area","center",0.1491,0.1047
"476","322","OCCURRENCE","area","center",0.0907,0.6481
"477","322","IMPACT","area","centertogrid",0.2727,1e-04
"478","322","OCCURRENCE","area","centertogrid",0.201,0.0096
"479","322","IMPACT","area","reachedgrid",0.1754,3e-04
"480","322","OCCURRENCE","area","reachedgrid",0.1613,0.003
"481","322","IMPACT","area","weighted",0.0713,0
"482","322","OCCURRENCE","area","weighted",0.0237,0.0079
"483","322","IMPACT","area","pooling",0.6191,0.7608
"484","322","OCCURRENCE","area","pooling",0.6131,0.7726
"485","322","IMPACT","center","centertogrid",0.2836,0.0068
"486","322","OCCURRENCE","center","centertogrid",0.209,0.0836
"487","322","IMPACT","center","reachedgrid",0.2863,3e-04
"488","322","OCCURRENCE","center","reachedgrid",0.2198,0.0134
"489","322","IMPACT","center","weighted",0.0837,0.7361
"490","322","OCCURRENCE","center","weighted",0.0738,0.8587
"491","322","IMPACT","center","pooling",0.5373,0.9412
"492","322","OCCURRENCE","center","pooling",0.5224,0.9706
"493","322","IMPACT","centertogrid","reachedgrid",0.1277,0.1378
"494","322","OCCURRENCE","centertogrid","reachedgrid",0.0745,0.5141
"495","322","IMPACT","centertogrid","weighted",0.2488,5e-04
"496","322","OCCURRENCE","centertogrid","weighted",0.199,0.0099
"497","322","IMPACT","centertogrid","pooling",0.6119,0.7647
"498","322","OCCURRENCE","centertogrid","pooling",0.7015,0.3971
"499","322","IMPACT","reachedgrid","weighted",0.2387,0
"500","322","OCCURRENCE","reachedgrid","weighted",0.1794,5e-04
"501","322","IMPACT","reachedgrid","pooling",0.7192,0.4422
"502","322","OCCURRENCE","reachedgrid","pooling",0.7422,0.4264
"503","322","IMPACT","weighted","pooling",0.555,0.9177
"504","322","OCCURRENCE","weighted","pooling",0.5962,0.8693
"505","323","IMPACT","classic","area",0.3147,0
"506","323","OCCURRENCE","classic","area",0.3415,0
"507","323","IMPACT","classic","center",0.2812,0.0059
"508","323","OCCURRENCE","classic","center",0.2969,0.0035
"509","323","IMPACT","classic","centertogrid",0.1094,0.3385
"510","323","OCCURRENCE","classic","centertogrid",0.1314,0.2131
"511","323","IMPACT","classic","reachedgrid",0.1508,0.0582
"512","323","OCCURRENCE","classic","reachedgrid",0.1622,0.0504
"513","323","IMPACT","classic","weighted",0.2814,1e-04
"514","323","OCCURRENCE","classic","weighted",0.3143,0
"515","323","IMPACT","classic","pooling",0.7656,0.4615
"516","323","OCCURRENCE","classic","pooling",0.7188,0.4923
"517","323","IMPACT","area","center",0.1277,0.252
"518","323","OCCURRENCE","area","center",0.1137,0.3873
"519","323","IMPACT","area","centertogrid",0.2834,1e-04
"520","323","OCCURRENCE","area","centertogrid",0.21,0.0083
"521","323","IMPACT","area","reachedgrid",0.1874,1e-04
"522","323","OCCURRENCE","area","reachedgrid",0.1792,0.0015
"523","323","IMPACT","area","weighted",0.0593,0
"524","323","OCCURRENCE","area","weighted",0.0351,0
"525","323","IMPACT","area","pooling",0.5662,0.864
"526","323","OCCURRENCE","area","pooling",0.6194,0.7607
"527","323","IMPACT","center","centertogrid",0.2656,0.0142
"528","323","OCCURRENCE","center","centertogrid",0.1654,0.2445
"529","323","IMPACT","center","reachedgrid",0.2246,0.0108
"530","323","OCCURRENCE","center","reachedgrid",0.1958,0.0454
"531","323","IMPACT","center","weighted",0.0732,0.8828
"532","323","OCCURRENCE","center","weighted",0.0791,0.8176
"533","323","IMPACT","center","pooling",0.5,1
"534","323","OCCURRENCE","center","pooling",0.5781,0.8615
"535","323","IMPACT","centertogrid","reachedgrid",0.1196,0.1627
"536","323","OCCURRENCE","centertogrid","reachedgrid",0.0904,0.4297
"537","323","IMPACT","centertogrid","weighted",0.2303,0.0022
"538","323","OCCURRENCE","centertogrid","weighted",0.1856,0.026
"539","323","IMPACT","centertogrid","pooling",0.6562,0.6
"540","323","OCCURRENCE","centertogrid","pooling",0.5873,0.7031
"541","323","IMPACT","reachedgrid","weighted",0.2404,0
"542","323","OCCURRENCE","reachedgrid","weighted",0.1749,0.0018
"543","323","IMPACT","reachedgrid","pooling",0.7246,0.4101
"544","323","OCCURRENCE","reachedgrid","pooling",0.5565,0.6724
"545","323","IMPACT","weighted","pooling",0.5149,0.9536
"546","323","OCCURRENCE","weighted","pooling",0.5921,0.8746
"547","325","IMPACT","classic","area",0.2917,0
"548","325","OCCURRENCE","classic","area",0.4624,0
"549","325","IMPACT","classic","center",0.3239,8e-04
"550","325","OCCURRENCE","classic","center",0.4085,0
"551","325","IMPACT","classic","centertogrid",0.0986,0.3557
"552","325","OCCURRENCE","classic","centertogrid",0.2817,7e-04
"553","325","IMPACT","classic","reachedgrid",0.1582,0.1812
"554","325","OCCURRENCE","classic","reachedgrid",0.2937,0
"555","325","IMPACT","classic","weighted",0.2727,1e-04
"556","325","OCCURRENCE","classic","weighted",0.4389,0
"557","325","IMPACT","classic","pooling",0.5775,0.5278
"558","325","OCCURRENCE","classic","pooling",0.7042,0.4722
"559","325","IMPACT","area","center",0.1636,0.0463
"560","325","OCCURRENCE","area","center",0.109,0.3745
"561","325","IMPACT","area","centertogrid",0.3547,0
"562","325","OCCURRENCE","area","centertogrid",0.2427,5e-04
"563","325","IMPACT","area","reachedgrid",0.2458,0
"564","325","OCCURRENCE","area","reachedgrid",0.1716,9e-04
"565","325","IMPACT","area","weighted",0.0901,0
"566","325","OCCURRENCE","area","weighted",0.0313,0
"567","325","IMPACT","area","pooling",0.5015,0.9952
"568","325","OCCURRENCE","area","pooling",0.6794,0.6387
"569","325","IMPACT","center","centertogrid",0.338,5e-04
"570","325","OCCURRENCE","center","centertogrid",0.2113,0.0621
"571","325","IMPACT","center","reachedgrid",0.3343,0
"572","325","OCCURRENCE","center","reachedgrid",0.2092,0.0171
"573","325","IMPACT","center","weighted",0.0872,0.6535
"574","325","OCCURRENCE","center","weighted",0.0865,0.6628
"575","325","IMPACT","center","pooling",0.6197,0.7778
"576","325","OCCURRENCE","center","pooling",0.6338,0.75
"577","325","IMPACT","centertogrid","reachedgrid",0.109,0.6191
"578","325","OCCURRENCE","centertogrid","reachedgrid",0.1087,0.225
"579","325","IMPACT","centertogrid","weighted",0.3247,0
"580","325","OCCURRENCE","centertogrid","weighted",0.2174,0.0024
"581","325","IMPACT","centertogrid","pooling",0.5211,0.4861
"582","325","OCCURRENCE","centertogrid","pooling",0.7183,0.3611
"583","325","IMPACT","reachedgrid","weighted",0.2831,0
"584","325","OCCURRENCE","reachedgrid","weighted",0.1697,9e-04
"585","325","IMPACT","reachedgrid","pooling",0.5878,0.6711
"586","325","OCCURRENCE","reachedgrid","pooling",0.7463,0.437
"587","325","IMPACT","weighted","pooling",0.5825,0.8866
"588","325","OCCURRENCE","weighted","pooling",0.6549,0.7844
"589","332","IMPACT","classic","area",0.312,0
"590","332","OCCURRENCE","classic","area",0.3605,0
"591","332","IMPACT","classic","center",0.2656,0.0137
"592","332","OCCURRENCE","classic","center",0.3281,8e-04
"593","332","IMPACT","classic","centertogrid",0.1094,0.3847
"594","332","OCCURRENCE","classic","centertogrid",0.2093,0.0232
"595","332","IMPACT","classic","reachedgrid",0.1115,0.2475
"596","332","OCCURRENCE","classic","reachedgrid",0.2411,0.0019
"597","332","IMPACT","classic","weighted",0.2705,2e-04
"598","332","OCCURRENCE","classic","weighted",0.3559,0
"599","332","IMPACT","classic","pooling",0.6875,0.5538
"600","332","OCCURRENCE","classic","pooling",0.8125,0.2
"601","332","IMPACT","area","center",0.1304,0.2316
"602","332","OCCURRENCE","area","center",0.0712,0.9062
"603","332","IMPACT","area","centertogrid",0.3031,0
"604","332","OCCURRENCE","area","centertogrid",0.2179,0.0055
"605","332","IMPACT","area","reachedgrid",0.2005,1e-04
"606","332","OCCURRENCE","area","reachedgrid",0.1898,8e-04
"607","332","IMPACT","area","weighted",0.0428,0
"608","332","OCCURRENCE","area","weighted",0.0078,0.9574
"609","332","IMPACT","area","pooling",0.6653,0.666
"610","332","OCCURRENCE","area","pooling",0.5401,0.9183
"611","332","IMPACT","center","centertogrid",0.3125,0.0029
"612","332","OCCURRENCE","center","centertogrid",0.255,0.0196
"613","332","IMPACT","center","reachedgrid",0.2699,0.0013
"614","332","OCCURRENCE","center","reachedgrid",0.2098,0.0286
"615","332","IMPACT","center","weighted",0.0894,0.6859
"616","332","OCCURRENCE","center","weighted",0.0718,0.8962
"617","332","IMPACT","center","pooling",0.5469,0.9231
"618","332","OCCURRENCE","center","pooling",0.5312,0.9538
"619","332","IMPACT","centertogrid","reachedgrid",0.1136,0.2272
"620","332","OCCURRENCE","centertogrid","reachedgrid",0.0585,0.785
"621","332","IMPACT","centertogrid","weighted",0.2886,0
"622","332","OCCURRENCE","centertogrid","weighted",0.2165,0.0055
"623","332","IMPACT","centertogrid","pooling",0.5781,0.7538
"624","332","OCCURRENCE","centertogrid","pooling",0.6032,0.7188
"625","332","IMPACT","reachedgrid","weighted",0.1839,2e-04
"626","332","OCCURRENCE","reachedgrid","weighted",0.1945,4e-04
"627","332","IMPACT","reachedgrid","pooling",0.6917,0.4254
"628","332","OCCURRENCE","reachedgrid","pooling",0.5714,0.6903
"629","332","IMPACT","weighted","pooling",0.6249,0.8297
"630","332","OCCURRENCE","weighted","pooling",0.5423,0.9304
"631","346","IMPACT","classic","area",0.3576,0
"632","346","OCCURRENCE","classic","area",0.3337,0
"633","346","IMPACT","classic","center",0.3803,1e-04
"634","346","OCCURRENCE","classic","center",0.2958,0.0019
"635","346","IMPACT","classic","centertogrid",0.0423,0.8845
"636","346","OCCURRENCE","classic","centertogrid",0.1616,0.0759
"637","346","IMPACT","classic","reachedgrid",0.1211,0.14
"638","346","OCCURRENCE","classic","reachedgrid",0.1678,0.0319
"639","346","IMPACT","classic","weighted",0.3387,0
"640","346","OCCURRENCE","classic","weighted",0.3143,0
"641","346","IMPACT","classic","pooling",1,0.0278
"642","346","OCCURRENCE","classic","pooling",0.6901,0.4583
"643","346","IMPACT","area","center",0.1362,0.1474
"644","346","OCCURRENCE","area","center",0.1126,0.3365
"645","346","IMPACT","area","centertogrid",0.3857,0
"646","346","OCCURRENCE","area","centertogrid",0.1778,0.0252
"647","346","IMPACT","area","reachedgrid",0.2365,0
"648","346","OCCURRENCE","area","reachedgrid",0.166,0.0015
"649","346","IMPACT","area","weighted",0.0595,0
"650","346","OCCURRENCE","area","weighted",0.0278,4e-04
"651","346","IMPACT","area","pooling",0.8812,0.2377
"652","346","OCCURRENCE","area","pooling",0.568,0.8637
"653","346","IMPACT","center","centertogrid",0.4085,0
"654","346","OCCURRENCE","center","centertogrid",0.2286,0.0308
"655","346","IMPACT","center","reachedgrid",0.3183,1e-04
"656","346","OCCURRENCE","center","reachedgrid",0.21,0.0166
"657","346","IMPACT","center","weighted",0.09,0.613
"658","346","OCCURRENCE","center","weighted",0.0852,0.6813
"659","346","IMPACT","center","pooling",0.9014,0.2222
"660","346","OCCURRENCE","center","pooling",0.5493,0.9167
"661","346","IMPACT","centertogrid","reachedgrid",0.1493,0.0658
"662","346","OCCURRENCE","centertogrid","reachedgrid",0.045,0.8735
"663","346","IMPACT","centertogrid","weighted",0.3669,0
"664","346","OCCURRENCE","centertogrid","weighted",0.1685,0.0376
"665","346","IMPACT","centertogrid","pooling",1,0.0139
"666","346","OCCURRENCE","centertogrid","pooling",0.5286,0.7042
"667","346","IMPACT","reachedgrid","weighted",0.2789,0
"668","346","OCCURRENCE","reachedgrid","weighted",0.1634,0.0016
"669","346","IMPACT","reachedgrid","pooling",1,0.0074
"670","346","OCCURRENCE","reachedgrid","pooling",0.5224,0.6889
"671","346","IMPACT","weighted","pooling",0.8683,0.4379
"672","346","OCCURRENCE","weighted","pooling",0.5483,0.9245
"673","364","IMPACT","classic","area",0.3868,0
"674","364","OCCURRENCE","classic","area",0.4515,0
"675","364","IMPACT","classic","center",0.3279,0.001
"676","364","OCCURRENCE","classic","center",0.4098,0
"677","364","IMPACT","classic","centertogrid",0.192,0.0352
"678","364","OCCURRENCE","classic","centertogrid",0.2295,0.0163
"679","364","IMPACT","classic","reachedgrid",0.217,0.0051
"680","364","OCCURRENCE","classic","reachedgrid",0.2526,0.002
"681","364","IMPACT","classic","weighted",0.3577,0
"682","364","OCCURRENCE","classic","weighted",0.4226,0
"683","364","IMPACT","classic","pooling",0.7541,0.4194
"684","364","OCCURRENCE","classic","pooling",0.7705,0.2419
"685","364","IMPACT","area","center",0.0902,0.71
"686","364","OCCURRENCE","area","center",0.086,0.7655
"687","364","IMPACT","area","centertogrid",0.2195,0.0072
"688","364","OCCURRENCE","area","centertogrid",0.222,0.0053
"689","364","IMPACT","area","reachedgrid",0.1753,0.001
"690","364","OCCURRENCE","area","reachedgrid",0.1989,4e-04
"691","364","IMPACT","area","weighted",0.035,0
"692","364","OCCURRENCE","area","weighted",0.0459,0
"693","364","IMPACT","area","pooling",0.6213,0.757
"694","364","OCCURRENCE","area","pooling",0.5359,0.9257
"695","364","IMPACT","center","centertogrid",0.2565,0.0228
"696","364","OCCURRENCE","center","centertogrid",0.1803,0.2196
"697","364","IMPACT","center","reachedgrid",0.2304,0.012
"698","364","OCCURRENCE","center","reachedgrid",0.1572,0.1682
"699","364","IMPACT","center","weighted",0.0556,0.9917
"700","364","OCCURRENCE","center","weighted",0.0656,0.9552
"701","364","IMPACT","center","pooling",0.5902,0.8387
"702","364","OCCURRENCE","center","pooling",0.5574,0.9032
"703","364","IMPACT","centertogrid","reachedgrid",0.074,0.6508
"704","364","OCCURRENCE","centertogrid","reachedgrid",0.0489,0.8711
"705","364","IMPACT","centertogrid","weighted",0.2134,0.0093
"706","364","OCCURRENCE","centertogrid","weighted",0.1931,0.0212
"707","364","IMPACT","centertogrid","pooling",0.678,0.4167
"708","364","OCCURRENCE","centertogrid","pooling",0.541,0.7097
"709","364","IMPACT","reachedgrid","weighted",0.1957,1e-04
"710","364","OCCURRENCE","reachedgrid","weighted",0.171,0.0029
"711","364","IMPACT","reachedgrid","pooling",0.7222,0.4409
"712","364","OCCURRENCE","reachedgrid","pooling",0.5179,0.6903
"713","364","IMPACT","weighted","pooling",0.5949,0.871
"714","364","OCCURRENCE","weighted","pooling",0.5746,0.896
"715","366","IMPACT","classic","area",0.2114,0.0049
"716","366","OCCURRENCE","classic","area",0.3342,0
"717","366","IMPACT","classic","center",0.2206,0.0525
"718","366","OCCURRENCE","classic","center",0.2794,0.0057
"719","366","IMPACT","classic","centertogrid",0.0441,0.9258
"720","366","OCCURRENCE","classic","centertogrid",0.1618,0.0808
"721","366","IMPACT","classic","reachedgrid",0.0805,0.9225
"722","366","OCCURRENCE","classic","reachedgrid",0.1615,0.0439
"723","366","IMPACT","classic","weighted",0.2157,0.0036
"724","366","OCCURRENCE","classic","weighted",0.3081,0
"725","366","IMPACT","classic","pooling",0.5147,0.5942
"726","366","OCCURRENCE","classic","pooling",0.5882,0.5217
"727","366","IMPACT","area","center",0.0824,0.75
"728","366","OCCURRENCE","area","center",0.0947,0.5858
"729","366","IMPACT","area","centertogrid",0.1834,0.0216
"730","366","OCCURRENCE","area","centertogrid",0.1846,0.0209
"731","366","IMPACT","area","reachedgrid",0.1754,3e-04
"732","366","OCCURRENCE","area","reachedgrid",0.1726,0.0018
"733","366","IMPACT","area","weighted",0.0232,0.0014
"734","366","OCCURRENCE","area","weighted",0.0274,0.0028
"735","366","IMPACT","area","pooling",0.564,0.8712
"736","366","OCCURRENCE","area","pooling",0.59,0.8177
"737","366","IMPACT","center","centertogrid",0.2353,0.0329
"738","366","OCCURRENCE","center","centertogrid",0.1618,0.27
"739","366","IMPACT","center","reachedgrid",0.2307,0.0139
"740","366","OCCURRENCE","center","reachedgrid",0.1542,0.1518
"741","366","IMPACT","center","weighted",0.0602,0.9663
"742","366","OCCURRENCE","center","weighted",0.0677,0.914
"743","366","IMPACT","center","pooling",0.5735,0.8696
"744","366","OCCURRENCE","center","pooling",0.5294,0.9565
"745","366","IMPACT","centertogrid","reachedgrid",0.0744,0.9582
"746","366","OCCURRENCE","centertogrid","reachedgrid",0.0366,0.951
"747","366","IMPACT","centertogrid","weighted",0.2015,0.008
"748","366","OCCURRENCE","centertogrid","weighted",0.1679,0.0433
"749","366","IMPACT","centertogrid","pooling",0.5147,0.6377
"750","366","OCCURRENCE","centertogrid","pooling",0.5294,0.7391
"751","366","IMPACT","reachedgrid","weighted",0.1968,0
"752","366","OCCURRENCE","reachedgrid","weighted",0.1634,0.0031
"753","366","IMPACT","reachedgrid","pooling",0.5101,0.7133
"754","366","OCCURRENCE","reachedgrid","pooling",0.5455,0.7213
"755","366","IMPACT","weighted","pooling",0.5806,0.8888
"756","366","OCCURRENCE","weighted","pooling",0.5686,0.9029
