QUES2SURV_ID;COUNTANS;QUES2SURV_QUESID;QUES2SURV_SURVID;QUES2SURV_SORT;QUES2SURV_METHOD;QUES2SURV_KBID;QUES_ID;QUES_TYP;QUES_TEXT;QUES_HEADLINE;QUES_CATEGORY;QUES_TOPIC;QUES_CAUSE;QUES_EFFECT
1233;58;324;61;67;classic;TE6;324;Risiko;keine absolute Staubfreiheit im Strahlenbereich für offene radioaktive Stoffe;Vorprojekt Kopfklinik;Technik;TE6;;
1234;55;324;61;67;graphic;TE6;324;Risiko;keine absolute Staubfreiheit im Strahlenbereich für offene radioaktive Stoffe;Vorprojekt Kopfklinik;Technik;TE6;;
1235;74;326;61;73;classic;UÖ3;326;Risiko;Erschütterungen während der Bauphase;Vorprojekt Kopfklinik;Umwelt, Ökologie;UÖ3;Nähe Baufeld;"	- Patient:innen und Mitarbeiter:innen Unzufriedenheit <br>- Schädigung etwaiger hochsensibler medizinsicher Geräte (z. B. SPECT Kamera, PET/CT) <br>- Beeinträchtigung bei Operationen <br>- Schädigung angrenzender Gebäude(-teile) <br>- Reduzierte Sicherheit der Patienten:innen und Mitarbeiter:innen <br>- Beeinträchtigung des laufenden Betriebs im Allgemeinen <br>- höhere psychische Belastung der MA und Patient:innen"
1236;70;326;61;73;graphic;UÖ3;326;Risiko;Erschütterungen während der Bauphase;Vorprojekt Kopfklinik;Umwelt, Ökologie;UÖ3;Nähe Baufeld;"	- Patient:innen und Mitarbeiter:innen Unzufriedenheit <br>- Schädigung etwaiger hochsensibler medizinsicher Geräte (z. B. SPECT Kamera, PET/CT) <br>- Beeinträchtigung bei Operationen <br>- Schädigung angrenzender Gebäude(-teile) <br>- Reduzierte Sicherheit der Patienten:innen und Mitarbeiter:innen <br>- Beeinträchtigung des laufenden Betriebs im Allgemeinen <br>- höhere psychische Belastung der MA und Patient:innen"
1237;67;327;61;74;classic;UÖ4;327;Risiko;unbekannte Einbauten im Boden;Vorprojekt Kopfklinik;Umwelt, Ökologie;UÖ4;"	- keine vorliegenden Unterlagen";"	- Mehrkosten"
1238;64;327;61;74;graphic;UÖ4;327;Risiko;unbekannte Einbauten im Boden;Vorprojekt Kopfklinik;Umwelt, Ökologie;UÖ4;"	- keine vorliegenden Unterlagen";"	- Mehrkosten"
1239;67;328;61;75;classic;UÖ5;328;Risiko;keine Kenntnis über das Ausmaß des kontaminierten Abbruchmaterials (Asbest, gefährliche Stoffe) und kontaminierte Einbauten im Baugrund;Vorprojekt Kopfklinik;Umwelt, Ökologie;UÖ5;alte Baureste (Sondermüll) z. B. Abriss Schilddrüsenambulanz;"	- Mehrkosten <br>- Baustelleneinschränkungen <br>- (erhöhte) Umweltauflagen werden nicht eingehalten"
1240;64;328;61;75;graphic;UÖ5;328;Risiko;keine Kenntnis über das Ausmaß des kontaminierten Abbruchmaterials (Asbest, gefährliche Stoffe) und kontaminierte Einbauten im Baugrund;Vorprojekt Kopfklinik;Umwelt, Ökologie;UÖ5;alte Baureste (Sondermüll) z. B. Abriss Schilddrüsenambulanz;"	- Mehrkosten <br>- Baustelleneinschränkungen <br>- (erhöhte) Umweltauflagen werden nicht eingehalten"
1241;67;329;61;76;classic;UÖ6;329;Risiko;Verunreinigung angrenzender Gebäude;Vorprojekt Kopfklinik;Umwelt, Ökologie;UÖ6;Abklingbecken der Nuklearmedizin;"	- Mehrkosten <br>- Projektverzögerungen <br>- Image <br>- Verunreinigung des Grundwassers"
1242;64;329;61;76;graphic;UÖ6;329;Risiko;Verunreinigung angrenzender Gebäude;Vorprojekt Kopfklinik;Umwelt, Ökologie;UÖ6;Abklingbecken der Nuklearmedizin;"	- Mehrkosten <br>- Projektverzögerungen <br>- Image <br>- Verunreinigung des Grundwassers"
1243;68;330;61;77;classic;UÖ7;330;Risiko;Verunreinigung des Grundwasser;Vorprojekt Kopfklinik;Umwelt, Ökologie;UÖ7;"	- bauliche Tätigkeiten";Verlust des Trinkwasser
1244;65;330;61;77;graphic;UÖ7;330;Risiko;Verunreinigung des Grundwasser;Vorprojekt Kopfklinik;Umwelt, Ökologie;UÖ7;"	- bauliche Tätigkeiten";Verlust des Trinkwasser
1245;70;331;61;78;classic;UÖ8;331;Risiko;unkontrollierter Wassereintritt;Vorprojekt Kopfklinik;Umwelt, Ökologie;UÖ8;"	- Hochwasserschutz wurde nicht ausreichend berücksichtigt <br>- mangelnde Abdeckarbeiten im Zuge der Bautätigkeiten";"	- Personenschaden <br>- Sachschaden  <br>- Bauverzögerung <br>- Sach- bzw. Personenschaden"
1246;67;331;61;78;graphic;UÖ8;331;Risiko;unkontrollierter Wassereintritt;Vorprojekt Kopfklinik;Umwelt, Ökologie;UÖ8;"	- Hochwasserschutz wurde nicht ausreichend berücksichtigt <br>- mangelnde Abdeckarbeiten im Zuge der Bautätigkeiten";"	- Personenschaden <br>- Sachschaden  <br>- Bauverzögerung <br>- Sach- bzw. Personenschaden"
1247;69;333;61;80;classic;UV1;333;Risiko;Beschaffenheit des Baugrunds nicht ausreichend bekannt;Vorprojekt Kopfklinik;Unvorhersehbare Ereignisse;UV1;"	- Materialaufbau <br>- Grundwasser <br>- Bestandseinbauten <br>- Kriegsdelikte";"	- Mehrkosten <br>- zeitliche Verzögerung <br>- Gefährdung von Personen und Strukturen"
1248;66;333;61;80;graphic;UV1;333;Risiko;Beschaffenheit des Baugrunds nicht ausreichend bekannt;Vorprojekt Kopfklinik;Unvorhersehbare Ereignisse;UV1;"	- Materialaufbau <br>- Grundwasser <br>- Bestandseinbauten <br>- Kriegsdelikte";"	- Mehrkosten <br>- zeitliche Verzögerung <br>- Gefährdung von Personen und Strukturen"
1249;71;334;61;81;classic;UV2;334;Risiko;Altbestand nicht ausreichend bekannt;Vorprojekt Kopfklinik;Unvorhersehbare Ereignisse;UV2;"	- Gebäude am Baufeld tlw. in Betrieb <br>- Bestandsunterlagen zur Statik liegen nicht vor";"	- Mehrkosten <br>- zeitliche Verzögerung Umsetzungsprojekt <br>- Gefährdung von Personen und Strukturen"
1250;68;334;61;81;graphic;UV2;334;Risiko;Altbestand nicht ausreichend bekannt;Vorprojekt Kopfklinik;Unvorhersehbare Ereignisse;UV2;"	- Gebäude am Baufeld tlw. in Betrieb <br>- Bestandsunterlagen zur Statik liegen nicht vor";"	- Mehrkosten <br>- zeitliche Verzögerung Umsetzungsprojekt <br>- Gefährdung von Personen und Strukturen"
1251;74;335;61;82;classic;UV3;335;Risiko;nicht einschätzbare Beschaffungsmarkt-  und -angebotspreisentwicklung,;Vorprojekt Kopfklinik;Unvorhersehbare Ereignisse;UV3;"	- geopolitische Entwicklung/Ereignisse <br>- pandemische Entwicklung und Folgen (SiGe-Plan)";"	- Mehrkosten <br>- Projektlaufzeit Umsetzungsprojekt durch fehlende Finanzierung nicht einhaltbar"
1252;70;335;61;82;graphic;UV3;335;Risiko;nicht einschätzbare Beschaffungsmarkt-  und -angebotspreisentwicklung,;Vorprojekt Kopfklinik;Unvorhersehbare Ereignisse;UV3;"	- geopolitische Entwicklung/Ereignisse <br>- pandemische Entwicklung und Folgen (SiGe-Plan)";"	- Mehrkosten <br>- Projektlaufzeit Umsetzungsprojekt durch fehlende Finanzierung nicht einhaltbar"
1253;72;336;61;83;classic;UV4;336;Risiko;nicht einschätzbare Verzögerungen, Unterbrechungen und Ausfälle von Lieferketten und Leistungen;Vorprojekt Kopfklinik;Unvorhersehbare Ereignisse;UV4;"	- geopolitische Entwicklung/Ereignisse <br>- pandemische Entwicklung und Folgen (SiGe-Plan)";"	- Mehrkosten <br>- Projektlaufzeit Umsetzungsprojekt"
1254;68;336;61;83;graphic;UV4;336;Risiko;nicht einschätzbare Verzögerungen, Unterbrechungen und Ausfälle von Lieferketten und Leistungen;Vorprojekt Kopfklinik;Unvorhersehbare Ereignisse;UV4;"	- geopolitische Entwicklung/Ereignisse <br>- pandemische Entwicklung und Folgen (SiGe-Plan)";"	- Mehrkosten <br>- Projektlaufzeit Umsetzungsprojekt"
1255;68;337;61;84;classic;UV5;337;Risiko;Konkurs von Auftragsnehmern;Vorprojekt Kopfklinik;Unvorhersehbare Ereignisse;UV5;;Bau- und Projektverzug
1256;65;337;61;84;graphic;UV5;337;Risiko;Konkurs von Auftragsnehmern;Vorprojekt Kopfklinik;Unvorhersehbare Ereignisse;UV5;;Bau- und Projektverzug
1257;70;338;61;85;classic;UV6;338;Risiko;fehlende Bieter im Vergabeverfahren (z. B. Planer und ausführende Gewerke);Vorprojekt Kopfklinik;Unvorhersehbare Ereignisse;UV6;Marktsituation;Bau- und Projektverzug
1258;66;338;61;85;graphic;UV6;338;Risiko;fehlende Bieter im Vergabeverfahren (z. B. Planer und ausführende Gewerke);Vorprojekt Kopfklinik;Unvorhersehbare Ereignisse;UV6;Marktsituation;Bau- und Projektverzug
1259;60;339;61;86;classic;UV7;339;Risiko;Änderung/Reduktion der/des medizinischen Leistungsplanung/-spektrums/-angebotsplanung;Vorprojekt Kopfklinik;Unvorhersehbare Ereignisse;UV7;"	- keine umfassende Berücksichtigung des gesundheitspolitischen Bedarfs sowie der Nutzeranforderungen <br>- Reduktion der räumlichen Strukturen <br>- Neudefinition von Prozessen aufgrund eines veränderten diagnostischen Ablaufs <br>- betriebsorganisatorische und personalstrukturelle Veränderungen";"	- keine Deckung der Nachfrage <br>- keine Erfüllung des Versorgungsauftrags"
1260;57;339;61;86;graphic;UV7;339;Risiko;Änderung/Reduktion der/des medizinischen Leistungsplanung/-spektrums/-angebotsplanung;Vorprojekt Kopfklinik;Unvorhersehbare Ereignisse;UV7;"	- keine umfassende Berücksichtigung des gesundheitspolitischen Bedarfs sowie der Nutzeranforderungen <br>- Reduktion der räumlichen Strukturen <br>- Neudefinition von Prozessen aufgrund eines veränderten diagnostischen Ablaufs <br>- betriebsorganisatorische und personalstrukturelle Veränderungen";"	- keine Deckung der Nachfrage <br>- keine Erfüllung des Versorgungsauftrags"
1261;69;340;61;68;classic;TE7;340;Risiko;IT- und MT-Schnittstellenproblematiken zwischen den Einrichtungen werden nicht ausreichend berücksichtigt;Vorprojekt Kopfklinik;Technik;TE7;;
1262;65;340;61;68;graphic;TE7;340;Risiko;IT- und MT-Schnittstellenproblematiken zwischen den Einrichtungen werden nicht ausreichend berücksichtigt;Vorprojekt Kopfklinik;Technik;TE7;;
1263;65;341;61;69;classic;TE8;341;Risiko;Hebeanlage CMZ-Abwasser befindet sich direkt am Baufeld;Vorprojekt Kopfklinik;Technik;TE8;;keine Abwasserentsorgung vom CMZ möglich
1264;62;341;61;69;graphic;TE8;341;Risiko;Hebeanlage CMZ-Abwasser befindet sich direkt am Baufeld;Vorprojekt Kopfklinik;Technik;TE8;;keine Abwasserentsorgung vom CMZ möglich
1265;61;342;61;70;classic;TE9;342;Risiko;Statik der  zweiten  Med für Umbauten des Bestandes nicht geeignet;Vorprojekt Kopfklinik;Technik;TE9;"	- Zustand Altbestand";erhebliche Mehrkosten für Umbau und Abriss
1266;59;342;61;70;graphic;TE9;342;Risiko;Statik der  zweiten  Med für Umbauten des Bestandes nicht geeignet;Vorprojekt Kopfklinik;Technik;TE9;"	- Zustand Altbestand";erhebliche Mehrkosten für Umbau und Abriss
1267;74;343;61;71;classic;UÖ1;343;Risiko;Lärm- und Staubbelästigung während der Bauphase der Patient:innen und Mitarbeiter:innen in den umliegenden Gebäude(-teile) ==> Nähe Notfallaufnahme ==> zentraler Verkehrsknotenpunkt;Vorprojekt Kopfklinik;Umwelt, Ökologie;UÖ1;"	- Unklare Definition der Anforderungen in den Ausschreibungsunterlagen <br>- Mangelhafte Kommunikation <br>- Mangelhafte Kontrollen <br>- Mangelndes Bewusstsein der Ausführenden <br>im Rahmen der Bautätigkeiten";"	- Patient:innen und Mitarbeiter:innenunzufriedenheit <br>- Beeinträchtigung des laufenden Betriebs im Allgemeinen <br>- Höhere psychische Belastung der MA und Patient:innen <br> <br>"
1268;70;343;61;71;graphic;UÖ1;343;Risiko;Lärm- und Staubbelästigung während der Bauphase der Patient:innen und Mitarbeiter:innen in den umliegenden Gebäude(-teile) ==> Nähe Notfallaufnahme ==> zentraler Verkehrsknotenpunkt;Vorprojekt Kopfklinik;Umwelt, Ökologie;UÖ1;"	- Unklare Definition der Anforderungen in den Ausschreibungsunterlagen <br>- Mangelhafte Kommunikation <br>- Mangelhafte Kontrollen <br>- Mangelndes Bewusstsein der Ausführenden <br>im Rahmen der Bautätigkeiten";"	- Patient:innen und Mitarbeiter:innenunzufriedenheit <br>- Beeinträchtigung des laufenden Betriebs im Allgemeinen <br>- Höhere psychische Belastung der MA und Patient:innen <br> <br>"
1269;74;344;61;1;classic;BB1;344;Risiko;"keine umfangreiche Information aller Betroffenen und Beteiligten (z. B. zur weiteren (Unternehmens- und Abteilungs-)Strategie bzgl. Fortbestand der Therapiestation und des Zyklotron, sowie den Funktionsräumen von Gebäude 161 (SPECT/PET); Schilddrüsenspezialambulanz)";Vorprojekt Kopfklinik;Beteiligte, Betroffene;BB1;"	- keine umfassende, zeitgerechte Einbindung und Kommunikation und Information durch in der Projektorganisation und das KD <br>- keine ausreichenden Ressourcenverfügbarkeit für Projekttermine usw. <br>- Masterplan nicht kommuniziert";"	- Projektänderungswünsche <br>- Projektverzögerungen <br>- Nutzerunzufriedenheit <br>- keine Identifikation mit dem Projekt <br>- Skepsis, Ängste bzw. keine Zustimmung der Beteiligten und Betroffenen"
1270;73;344;61;1;graphic;BB1;344;Risiko;"keine umfangreiche Information aller Betroffenen und Beteiligten (z. B. zur weiteren (Unternehmens- und Abteilungs-)Strategie bzgl. Fortbestand der Therapiestation und des Zyklotron, sowie den Funktionsräumen von Gebäude 161 (SPECT/PET); Schilddrüsenspezialambulanz)";Vorprojekt Kopfklinik;Beteiligte, Betroffene;BB1;"	- keine umfassende, zeitgerechte Einbindung und Kommunikation und Information durch in der Projektorganisation und das KD <br>- keine ausreichenden Ressourcenverfügbarkeit für Projekttermine usw. <br>- Masterplan nicht kommuniziert";"	- Projektänderungswünsche <br>- Projektverzögerungen <br>- Nutzerunzufriedenheit <br>- keine Identifikation mit dem Projekt <br>- Skepsis, Ängste bzw. keine Zustimmung der Beteiligten und Betroffenen"
1271;79;345;61;2;classic;BB2;345;Risiko;Projektanforderungen ändern sich;Vorprojekt Kopfklinik;Beteiligte, Betroffene;BB2;"	- Wechsel der Nutzervertreter BO (z. B. durch Pensionierungen)  <br>- lange Projektlaufzeit";"	- Kostensteigerungen <br>- zeitliche Verzögerungen <br>- Veränderung des technischen Standards zwischen Planung und Inbetriebnahme"
1272;78;345;61;2;graphic;BB2;345;Risiko;Projektanforderungen ändern sich;Vorprojekt Kopfklinik;Beteiligte, Betroffene;BB2;"	- Wechsel der Nutzervertreter BO (z. B. durch Pensionierungen)  <br>- lange Projektlaufzeit";"	- Kostensteigerungen <br>- zeitliche Verzögerungen <br>- Veränderung des technischen Standards zwischen Planung und Inbetriebnahme"
1273;79;347;61;4;classic;BB4;347;Risiko;keine ausreichende Ressourcenverfügbarkeit bei den Betroffenen und Beteiligten (z. B. für Projektsitzungen im Rahmen der Planung, Umsetzung und Übersiedelung);Vorprojekt Kopfklinik;Beteiligte, Betroffene;BB4;im Rahmen der Projektplanung werden Dienstpläne, Urlaubszeiten oder Zeiten intensiver zusätzlicher Tätigkeiten (z. B. Jahresabschluss) nicht berücksichtigt <br>(Fachbereiche, Hygiene);"	- Projektverzögerung <br>- verzögerte Inbetriebnahme"
1274;77;347;61;4;graphic;BB4;347;Risiko;keine ausreichende Ressourcenverfügbarkeit bei den Betroffenen und Beteiligten (z. B. für Projektsitzungen im Rahmen der Planung, Umsetzung und Übersiedelung);Vorprojekt Kopfklinik;Beteiligte, Betroffene;BB4;im Rahmen der Projektplanung werden Dienstpläne, Urlaubszeiten oder Zeiten intensiver zusätzlicher Tätigkeiten (z. B. Jahresabschluss) nicht berücksichtigt <br>(Fachbereiche, Hygiene);"	- Projektverzögerung <br>- verzögerte Inbetriebnahme"
1275;79;348;61;5;classic;BB5;348;Risiko;Abhängigkeiten der Projektumsetzung von Einzelpersonen;Vorprojekt Kopfklinik;Beteiligte, Betroffene;BB5;;
1276;77;348;61;5;graphic;BB5;348;Risiko;Abhängigkeiten der Projektumsetzung von Einzelpersonen;Vorprojekt Kopfklinik;Beteiligte, Betroffene;BB5;;
1277;80;349;61;6;classic;BB6;349;Risiko;Veränderte bzw. nicht/besonders wahrgenommene Zuständigkeit;Vorprojekt Kopfklinik;Beteiligte, Betroffene;BB6;;
1278;78;349;61;6;graphic;BB6;349;Risiko;Veränderte bzw. nicht/besonders wahrgenommene Zuständigkeit;Vorprojekt Kopfklinik;Beteiligte, Betroffene;BB6;;
1279;80;350;61;7;classic;BB7;350;Risiko;neue, überzogene (An-)Forderungen der Nutzer/Partner;Vorprojekt Kopfklinik;Beteiligte, Betroffene;BB7;"	- lange Projektdauer <br>- Wechsel wesentlicher Schlüsselpersonen";
1280;78;350;61;7;graphic;BB7;350;Risiko;neue, überzogene (An-)Forderungen der Nutzer/Partner;Vorprojekt Kopfklinik;Beteiligte, Betroffene;BB7;"	- lange Projektdauer <br>- Wechsel wesentlicher Schlüsselpersonen";
1281;79;351;61;8;classic;BB8;351;Risiko;Falsche oder nicht ausgesprochene Erwartungen durch Nutzer, Partner, Anrainer;Vorprojekt Kopfklinik;Beteiligte, Betroffene;BB8;"	- lange Projektdauer <br>- Wechsel wesentlicher Schlüsselpersonen";
1282;77;351;61;8;graphic;BB8;351;Risiko;Falsche oder nicht ausgesprochene Erwartungen durch Nutzer, Partner, Anrainer;Vorprojekt Kopfklinik;Beteiligte, Betroffene;BB8;"	- lange Projektdauer <br>- Wechsel wesentlicher Schlüsselpersonen";
1283;77;352;61;9;classic;BB9;352;Risiko;Überlastung des Projektteams;Vorprojekt Kopfklinik;Beteiligte, Betroffene;BB9;mehrere gleichzeitig laufende Projekte;Projektverzögerung
1284;75;352;61;9;graphic;BB9;352;Risiko;Überlastung des Projektteams;Vorprojekt Kopfklinik;Beteiligte, Betroffene;BB9;mehrere gleichzeitig laufende Projekte;Projektverzögerung
1285;80;353;61;10;classic;BB10;353;Risiko;mangelnde Unterstützung/Widerstand von Beteiligten und Betroffenen;Vorprojekt Kopfklinik;Beteiligte, Betroffene;BB10;;Projektverzögerung
1286;77;353;61;10;graphic;BB10;353;Risiko;mangelnde Unterstützung/Widerstand von Beteiligten und Betroffenen;Vorprojekt Kopfklinik;Beteiligte, Betroffene;BB10;;Projektverzögerung
1287;79;354;61;11;classic;OR1;354;Risiko;langwierige Entscheidungsfindung;Vorprojekt Kopfklinik;Projektorganisation;OR1;"	- unklare Entscheidungs- und Freigabeprozesse <br>- unklare Zuständigkeiten <br>- keine klare Festlegung, Darstellung und Kommunikation des Projektaufbau und -ablauforganisations sowie der Entscheidungsmatrix <br>- Wechsel von Schlüsselpersonen";"	- Projektverzögerung"
1288;76;354;61;11;graphic;OR1;354;Risiko;langwierige Entscheidungsfindung;Vorprojekt Kopfklinik;Projektorganisation;OR1;"	- unklare Entscheidungs- und Freigabeprozesse <br>- unklare Zuständigkeiten <br>- keine klare Festlegung, Darstellung und Kommunikation des Projektaufbau und -ablauforganisations sowie der Entscheidungsmatrix <br>- Wechsel von Schlüsselpersonen";"	- Projektverzögerung"
1289;78;355;61;12;classic;OR2;355;Risiko;unzureichende Kompetenz und Erfahrung des Projektleiter, Krankenhaushygienikers usw.;Vorprojekt Kopfklinik;Projektorganisation;OR2;"	- Projektleiter bzw. Hygieniker ist zu kurz im Unternehmen, um die Struktur und Handlungsweisen des Unternehmens zu verstehen";"	- Projektverzögerung"
1290;76;355;61;12;graphic;OR2;355;Risiko;unzureichende Kompetenz und Erfahrung des Projektleiter, Krankenhaushygienikers usw.;Vorprojekt Kopfklinik;Projektorganisation;OR2;"	- Projektleiter bzw. Hygieniker ist zu kurz im Unternehmen, um die Struktur und Handlungsweisen des Unternehmens zu verstehen";"	- Projektverzögerung"
1291;76;356;61;13;classic;OR3;356;Risiko;keine Integration QMS und RMS;Vorprojekt Kopfklinik;Projektorganisation;OR3;;
1292;73;356;61;13;graphic;OR3;356;Risiko;keine Integration QMS und RMS;Vorprojekt Kopfklinik;Projektorganisation;OR3;;
1293;80;357;61;14;classic;OR4;357;Risiko;keine ausreichende Berücksichtigung/Koordination der vielen Beteiligten und/oder Schnittstellen;Vorprojekt Kopfklinik;Projektorganisation;OR4;;
1294;77;357;61;14;graphic;OR4;357;Risiko;keine ausreichende Berücksichtigung/Koordination der vielen Beteiligten und/oder Schnittstellen;Vorprojekt Kopfklinik;Projektorganisation;OR4;;
1295;79;358;61;15;classic;OR5;358;Risiko;fehlende selbständige interne Koordination der Fachabteilung;Vorprojekt Kopfklinik;Projektorganisation;OR5;"	- kein Verständnis der übermittelten Information <br>- keine interne Kommunikation und Information in der Abteilung";Wissensdefizit <br>ineffiziente Arbeitssitzungen
1296;76;358;61;15;graphic;OR5;358;Risiko;fehlende selbständige interne Koordination der Fachabteilung;Vorprojekt Kopfklinik;Projektorganisation;OR5;"	- kein Verständnis der übermittelten Information <br>- keine interne Kommunikation und Information in der Abteilung";Wissensdefizit <br>ineffiziente Arbeitssitzungen
1297;80;359;61;16;classic;OR6;359;Risiko;Wechsel wesentlicher Schlüsselpersonen für die Umsetzung/Verantwortlicher im Projektteam (z. B. Projektleitung, Nutzer, Planer, Auftraggeber, Verantwortungsträger in einzelnen Bereichen z. B. Technik), Know-How-Träger stehen nicht zur Verfügung / Veränderung in den Entscheidungsstrukturen;Vorprojekt Kopfklinik;Projektorganisation;OR6;"	- keine rechtzeitige Nachfolgeregelung z. B. bei Pensionierungen <br>- fachliche Überforderung <br>- Neubesetzungen";"	- mangelhafter Wissenstransfer <br>- Ressourcenlücken <br>- Verzögerungen bzw. Projekt kann nicht entsprechend denfinierten Projektzielen umgesetzt werden z. B. durch  Veränderungen in den Entscheidungsstrukturen"
1298;77;359;61;16;graphic;OR6;359;Risiko;Wechsel wesentlicher Schlüsselpersonen für die Umsetzung/Verantwortlicher im Projektteam (z. B. Projektleitung, Nutzer, Planer, Auftraggeber, Verantwortungsträger in einzelnen Bereichen z. B. Technik), Know-How-Träger stehen nicht zur Verfügung / Veränderung in den Entscheidungsstrukturen;Vorprojekt Kopfklinik;Projektorganisation;OR6;"	- keine rechtzeitige Nachfolgeregelung z. B. bei Pensionierungen <br>- fachliche Überforderung <br>- Neubesetzungen";"	- mangelhafter Wissenstransfer <br>- Ressourcenlücken <br>- Verzögerungen bzw. Projekt kann nicht entsprechend denfinierten Projektzielen umgesetzt werden z. B. durch  Veränderungen in den Entscheidungsstrukturen"
1299;78;360;61;17;classic;PA1;360;Risiko;es besteht kein effizientes Änderungsmanagement;Vorprojekt Kopfklinik;Projektablauf;PA1;"	- zu viele Entscheider";"	- Verzögerung <br>- Mehrkosten"
1300;75;360;61;17;graphic;PA1;360;Risiko;es besteht kein effizientes Änderungsmanagement;Vorprojekt Kopfklinik;Projektablauf;PA1;"	- zu viele Entscheider";"	- Verzögerung <br>- Mehrkosten"
1301;77;361;61;18;classic;PA2;361;Risiko;verzögerte Freigabe von Planungsschritten und Genehmigungschritten (PA1);Vorprojekt Kopfklinik;Projektablauf;PA2;"	- fehlende Vorgaben Betriebsorganisation <br>- nicht geführte Diskussionen zu Fragen der Betriebsorganisation <br>- keine Klärung und Dokumentation der neuen Betriebsprozesse bzw. Patient:innenverantwortlichkeiten im neuen Behandlungsprozess";"	- Verzögerung Gesamtprojektfortschritt <br>- fehlende Akzeptanz bei Nutzern"
1302;74;361;61;18;graphic;PA2;361;Risiko;verzögerte Freigabe von Planungsschritten und Genehmigungschritten (PA1);Vorprojekt Kopfklinik;Projektablauf;PA2;"	- fehlende Vorgaben Betriebsorganisation <br>- nicht geführte Diskussionen zu Fragen der Betriebsorganisation <br>- keine Klärung und Dokumentation der neuen Betriebsprozesse bzw. Patient:innenverantwortlichkeiten im neuen Behandlungsprozess";"	- Verzögerung Gesamtprojektfortschritt <br>- fehlende Akzeptanz bei Nutzern"
1303;77;362;61;19;classic;PF1;362;Risiko;Raumplanung nicht am Betriebsbedarf ausgerichtet;Vorprojekt Kopfklinik;Projektfolgen;PF1;zu wenig Räumlichkeiten (6 OP-Räume und 2 Eingriffsräume) bzw. Platz (z. B. Ambulanzzentrum) für 60.000 ambulante Patienten jährlich;"	- Einschränkung der Betriebsabläufe (ineffektiv und ineffizient) <br>- Wartezeiten für Patient:innen <br>- reduzierte Patienten- und Mitarbeiter:innen-Zufriedenheit"
1304;73;362;61;19;graphic;PF1;362;Risiko;Raumplanung nicht am Betriebsbedarf ausgerichtet;Vorprojekt Kopfklinik;Projektfolgen;PF1;zu wenig Räumlichkeiten (6 OP-Räume und 2 Eingriffsräume) bzw. Platz (z. B. Ambulanzzentrum) für 60.000 ambulante Patienten jährlich;"	- Einschränkung der Betriebsabläufe (ineffektiv und ineffizient) <br>- Wartezeiten für Patient:innen <br>- reduzierte Patienten- und Mitarbeiter:innen-Zufriedenheit"
1305;73;363;61;20;classic;PF2;363;Risiko;Betriebsunterbrechungen bzw. -ausfälle länger als 1 Arbeitswoche (Weiterbestand/Sanierung des restlichen Gebäudes 161 (inkl. den Räumlichkeiten für 3 SPECT/CT, 1 PET/CT) - Eingangsbereich 161;Vorprojekt Kopfklinik;Projektfolgen;PF2;"	- Zwischenaussiedelung der Schilddrüsenambulanz zur Baufeldfeimachung <br>- zusätzliches Baufeld wird benötigt";"	- Gefährdung der Patietnt:innen-Sicherheit (onkologisch) <br>- Nicht-Erfüllung des Versorgungsauftrages <br>- Mehrkosten  <br>- Mehrbedarf Personalressourcen <br>- länger Bauzeit <br>- keine Nachnutzung"
1306;69;363;61;20;graphic;PF2;363;Risiko;Betriebsunterbrechungen bzw. -ausfälle länger als 1 Arbeitswoche (Weiterbestand/Sanierung des restlichen Gebäudes 161 (inkl. den Räumlichkeiten für 3 SPECT/CT, 1 PET/CT) - Eingangsbereich 161;Vorprojekt Kopfklinik;Projektfolgen;PF2;"	- Zwischenaussiedelung der Schilddrüsenambulanz zur Baufeldfeimachung <br>- zusätzliches Baufeld wird benötigt";"	- Gefährdung der Patietnt:innen-Sicherheit (onkologisch) <br>- Nicht-Erfüllung des Versorgungsauftrages <br>- Mehrkosten  <br>- Mehrbedarf Personalressourcen <br>- länger Bauzeit <br>- keine Nachnutzung"
1307;74;365;61;22;classic;PF4;365;Risiko;Schulungs- und Einführungsaufwand;Vorprojekt Kopfklinik;Projektfolgen;PF4;"	- neuartige Technologien <br>- Verfahren <br>- Prozesse <br>- Materialien";"	- Personalmehraufwand"
1308;70;365;61;22;graphic;PF4;365;Risiko;Schulungs- und Einführungsaufwand;Vorprojekt Kopfklinik;Projektfolgen;PF4;"	- neuartige Technologien <br>- Verfahren <br>- Prozesse <br>- Materialien";"	- Personalmehraufwand"
1309;75;281;61;26;classic;PF8;281;Risiko;zusätzlicher Betrieb leer stehender Gebäude;Vorprojekt Kopfklinik;Projektfolgen;PF8;"	- kein Abriss";"	- Mehrkosten"
1310;71;281;61;26;graphic;PF8;281;Risiko;zusätzlicher Betrieb leer stehender Gebäude;Vorprojekt Kopfklinik;Projektfolgen;PF8;"	- kein Abriss";"	- Mehrkosten"
1311;77;282;61;27;classic;PF9;282;Risiko;keine Berücksichtigung der Veränderung der medizinischen Standards von der Planung bis zur Fertigstellung (ca. 6 Jahre);Vorprojekt Kopfklinik;Projektfolgen;PF9;medizinische Weiterentwicklung und Innovationen in der Zukunft können nicht berücksichtigt werden;
1312;73;282;61;27;graphic;PF9;282;Risiko;keine Berücksichtigung der Veränderung der medizinischen Standards von der Planung bis zur Fertigstellung (ca. 6 Jahre);Vorprojekt Kopfklinik;Projektfolgen;PF9;medizinische Weiterentwicklung und Innovationen in der Zukunft können nicht berücksichtigt werden;
1313;77;283;61;28;classic;PF10;283;Risiko;keine ausreichende Berücksichtigung von Kapazitäten, Zeit, Kosten in der Planung der Übersiedelung während der Bauphase;Vorprojekt Kopfklinik;Projektfolgen;PF10;;"	- Projektkosten können nicht eingehalten werden / werden wesentlich überschritten <br>- verzögerte Inbetriebnahme"
1314;73;283;61;28;graphic;PF10;283;Risiko;keine ausreichende Berücksichtigung von Kapazitäten, Zeit, Kosten in der Planung der Übersiedelung während der Bauphase;Vorprojekt Kopfklinik;Projektfolgen;PF10;;"	- Projektkosten können nicht eingehalten werden / werden wesentlich überschritten <br>- verzögerte Inbetriebnahme"
1315;75;284;61;29;classic;PF11;284;Risiko;keine ausreichende Berücksichtigung der Schnittstellen zwischen Projekt und laufendem Betrieb (technisch);Vorprojekt Kopfklinik;Projektfolgen;PF11;"	- keine ausreichenden technischen Gegebenheiten und Kapazitäten (Energie, Wasser, Klima, Gas, HT usw.)";"	- Schnittstellenprobleme <br>- Mehrkosten"
1316;71;284;61;29;graphic;PF11;284;Risiko;keine ausreichende Berücksichtigung der Schnittstellen zwischen Projekt und laufendem Betrieb (technisch);Vorprojekt Kopfklinik;Projektfolgen;PF11;"	- keine ausreichenden technischen Gegebenheiten und Kapazitäten (Energie, Wasser, Klima, Gas, HT usw.)";"	- Schnittstellenprobleme <br>- Mehrkosten"
1317;76;285;61;30;classic;PF12;285;Risiko;negative Auswirkung und Beeinflussung des angrenzenden (laufenden) Betriebs;Vorprojekt Kopfklinik;Projektfolgen;PF12;"	- Nähe zum Baufeld (Erschütterungen, Lärm, Staub) <br>- keine adäquate Baufeldabgrenzung";"	- Einschränkgung im Bereich (z. B. Nukl.Med., Notfallaufnahmen, Zufahrt) <br>- klinische Abläufe <br>- Patient:innen- und Mitarbeiter:innensicherheit und -zufriedenheit <br>- Gerätesicherheit <br>- Hygiene <br>- Logistik <br>- Brandschutz uvm."
1318;72;285;61;30;graphic;PF12;285;Risiko;negative Auswirkung und Beeinflussung des angrenzenden (laufenden) Betriebs;Vorprojekt Kopfklinik;Projektfolgen;PF12;"	- Nähe zum Baufeld (Erschütterungen, Lärm, Staub) <br>- keine adäquate Baufeldabgrenzung";"	- Einschränkgung im Bereich (z. B. Nukl.Med., Notfallaufnahmen, Zufahrt) <br>- klinische Abläufe <br>- Patient:innen- und Mitarbeiter:innensicherheit und -zufriedenheit <br>- Gerätesicherheit <br>- Hygiene <br>- Logistik <br>- Brandschutz uvm."
1319;70;286;61;31;classic;PF13;286;Risiko;Neu-Bewilligungen werden notwendig;Vorprojekt Kopfklinik;Projektfolgen;PF13;"	- Abrisse";hohe Anforderungen mach Schließungen von Gebäuden notwendig
1320;66;286;61;31;graphic;PF13;286;Risiko;Neu-Bewilligungen werden notwendig;Vorprojekt Kopfklinik;Projektfolgen;PF13;"	- Abrisse";hohe Anforderungen mach Schließungen von Gebäuden notwendig
1321;73;289;61;34;classic;PU1;289;Risiko;keine Kompatibilität der Projektziele mit dem Versorgungsauftrag  (z. B. Betriebsziele, politische Ziele, Umsetzung ÖSG-RSG usw.);Vorprojekt Kopfklinik;Projektumfeld;PU1;"	- Vorgaben des RSG NEU (2025) sehen wesentliche Änderungen zu dem im Projektumfang definierten Struktur- und Leistungsspektrum (Basis RSG 2020) vor (RSG 2030 könnte die Projektgrundlagen nochmals verändern ==> Stichwort: Auslagerung in die extramurale Versorgung) <br>- Unkenntnis über die Möglichkeit der Einsetzbarkeit des Faches PMR <br>- Projektnutzen ist zu wenig klar bestimmt => und vom Nutzer daher nicht erkennbar <br>";"	- Nicht-Erfüllung des gesetzlich definierten Versorgungsauftrags <br>- keine Projektumsetzung"
1322;69;289;61;34;graphic;PU1;289;Risiko;keine Kompatibilität der Projektziele mit dem Versorgungsauftrag  (z. B. Betriebsziele, politische Ziele, Umsetzung ÖSG-RSG usw.);Vorprojekt Kopfklinik;Projektumfeld;PU1;"	- Vorgaben des RSG NEU (2025) sehen wesentliche Änderungen zu dem im Projektumfang definierten Struktur- und Leistungsspektrum (Basis RSG 2020) vor (RSG 2030 könnte die Projektgrundlagen nochmals verändern ==> Stichwort: Auslagerung in die extramurale Versorgung) <br>- Unkenntnis über die Möglichkeit der Einsetzbarkeit des Faches PMR <br>- Projektnutzen ist zu wenig klar bestimmt => und vom Nutzer daher nicht erkennbar <br>";"	- Nicht-Erfüllung des gesetzlich definierten Versorgungsauftrags <br>- keine Projektumsetzung"
1323;78;295;61;40;classic;PU7;295;Risiko;Projektfortschritt bzw. -laufzeiten können nicht eingehalten werden;Vorprojekt Kopfklinik;Projektumfeld;PU7;"	- Abwicklung der behördlichen Verfahren nicht terminkonform <br>- keine Berücksichtigung ausreichender Vorlaufzeiten für Behördenverfahren (eingeschränkte Personalkapazitäten)/notwendige Gutachten in der Projektterminplanung  <br>- zweistufige Genehmigungsverfahren für Tätigkeiten mit offenen radioaktiven Stoffen (lt. Strahlenschutzgesetz) <br>- sonstige behördliche Aktivitäten <br>- politische Einflussfaktoren => neue Priorisierung von Projekten <br>- Divergierende Ziele unterschiedlicher Vorhabenspartner (z. B. Nutzer, Anrainer, Bauherr) <br>- Unkenntnis des gesamten Projektkontext => keine Kenntnis und systematische Steuerung aller Chancen und Risiken/Stärken und Schwächen für die Projektplanung und -umsetzung  <br>- etwaige Auflagen aus diversen notwendigen Gutachten bzw. von Behörden müssen umgesetzt werden";"	- zusätzliche Kosten   <br>- Verzögerung der Inbetriebnahme <br>- Versorgungsengpässe bei Betriebsausfällen in den Altstrukturen <br>- zeitliche Verzögerung <br>- Verlängerung Risiko HNO (TOP Unternehmensrisiko)"
1324;74;295;61;40;graphic;PU7;295;Risiko;Projektfortschritt bzw. -laufzeiten können nicht eingehalten werden;Vorprojekt Kopfklinik;Projektumfeld;PU7;"	- Abwicklung der behördlichen Verfahren nicht terminkonform <br>- keine Berücksichtigung ausreichender Vorlaufzeiten für Behördenverfahren (eingeschränkte Personalkapazitäten)/notwendige Gutachten in der Projektterminplanung  <br>- zweistufige Genehmigungsverfahren für Tätigkeiten mit offenen radioaktiven Stoffen (lt. Strahlenschutzgesetz) <br>- sonstige behördliche Aktivitäten <br>- politische Einflussfaktoren => neue Priorisierung von Projekten <br>- Divergierende Ziele unterschiedlicher Vorhabenspartner (z. B. Nutzer, Anrainer, Bauherr) <br>- Unkenntnis des gesamten Projektkontext => keine Kenntnis und systematische Steuerung aller Chancen und Risiken/Stärken und Schwächen für die Projektplanung und -umsetzung  <br>- etwaige Auflagen aus diversen notwendigen Gutachten bzw. von Behörden müssen umgesetzt werden";"	- zusätzliche Kosten   <br>- Verzögerung der Inbetriebnahme <br>- Versorgungsengpässe bei Betriebsausfällen in den Altstrukturen <br>- zeitliche Verzögerung <br>- Verlängerung Risiko HNO (TOP Unternehmensrisiko)"
1325;75;296;61;41;classic;PU8;296;Risiko;keine Synchronisierung mit dem Masterplan 2030;Vorprojekt Kopfklinik;Projektumfeld;PU8;"	- Masterplan ist nicht fertig gestellt (Genehmigung durch AR notwendig?) <br>- Projektpriorisierung  ist nicht eindeutig ==> keine ausreichende Abstimmung der Planungen des Projekts Kopfzentrum mit anderen leistungsbedingten Einflussbereichen wie z. B.  onkologisches Zentrum, ELKI (akute und ambulante Behandlung von Kindern)";'- Standortstrategie nicht einhaltbar <br>- Terminkollisionen
1326;71;296;61;41;graphic;PU8;296;Risiko;keine Synchronisierung mit dem Masterplan 2030;Vorprojekt Kopfklinik;Projektumfeld;PU8;"	- Masterplan ist nicht fertig gestellt (Genehmigung durch AR notwendig?) <br>- Projektpriorisierung  ist nicht eindeutig ==> keine ausreichende Abstimmung der Planungen des Projekts Kopfzentrum mit anderen leistungsbedingten Einflussbereichen wie z. B.  onkologisches Zentrum, ELKI (akute und ambulante Behandlung von Kindern)";'- Standortstrategie nicht einhaltbar <br>- Terminkollisionen
1327;76;320;61;42;classic;PU9;320;Risiko;keine Genehmigung ausreichender finanzieller Mittel;Vorprojekt Kopfklinik;Projektumfeld;PU9;"	- gedeckeltes Landesbudget <br>- Projektunschärfe im Budget nicht abdeckbar <br>- im Laufe des Projekts entstehende Mehrkosten (siehe auch diverse angeführte Risiken)";"	- keine bzw. nur eingeschränkte Umsetzung des Projekts <br>- Mehrkosten"
1328;72;320;61;42;graphic;PU9;320;Risiko;keine Genehmigung ausreichender finanzieller Mittel;Vorprojekt Kopfklinik;Projektumfeld;PU9;"	- gedeckeltes Landesbudget <br>- Projektunschärfe im Budget nicht abdeckbar <br>- im Laufe des Projekts entstehende Mehrkosten (siehe auch diverse angeführte Risiken)";"	- keine bzw. nur eingeschränkte Umsetzung des Projekts <br>- Mehrkosten"
1329;75;321;61;43;classic;PU10;321;Risiko;Terminkollisionen;Vorprojekt Kopfklinik;Projektumfeld;PU10;"	- mehrere gleichzeitig laufende Projekte (AUVA CHO) <br>- gleiches Baufeld mit etwaigen Projekt AUVA CHO";"	- Projektverzögerung <br>- gleichzeitiger Zugriff auf Firmen <br>- Einschränkung der Zufahrtbereiche"
1330;71;321;61;43;graphic;PU10;321;Risiko;Terminkollisionen;Vorprojekt Kopfklinik;Projektumfeld;PU10;"	- mehrere gleichzeitig laufende Projekte (AUVA CHO) <br>- gleiches Baufeld mit etwaigen Projekt AUVA CHO";"	- Projektverzögerung <br>- gleichzeitiger Zugriff auf Firmen <br>- Einschränkung der Zufahrtbereiche"
1331;72;298;61;25;classic;PF7;298;Risiko;Gefährdung bestehender Zertifizierungen (ISO, Onko-Zentrum, UEMS, EMAS);Vorprojekt Kopfklinik;Projektfolgen;PF7;;
1332;68;298;61;25;graphic;PF7;298;Risiko;Gefährdung bestehender Zertifizierungen (ISO, Onko-Zentrum, UEMS, EMAS);Vorprojekt Kopfklinik;Projektfolgen;PF7;;
1333;76;299;61;44;classic;PV1;299;Risiko;keine Identifikation der Schlüsselpositionen mit dem Projekt und den damit in Verbindung stehenden Zielen;Vorprojekt Kopfklinik;Projektvorgaben;PV1;"	- Projektnutzen ist zu wenig klar bestimmt => und vom Nutzer daher nicht erkennbar <br>- RSG Vorgaben nicht bekannt";Projektverzögerung
1334;72;299;61;44;graphic;PV1;299;Risiko;keine Identifikation der Schlüsselpositionen mit dem Projekt und den damit in Verbindung stehenden Zielen;Vorprojekt Kopfklinik;Projektvorgaben;PV1;"	- Projektnutzen ist zu wenig klar bestimmt => und vom Nutzer daher nicht erkennbar <br>- RSG Vorgaben nicht bekannt";Projektverzögerung
1335;78;300;61;45;classic;PV2;300;Risiko;Planungsfehler (z. B. Vorhabensbudget, Investitionsprogramm, Betriebsbudget, Folgekosten usw.);Vorprojekt Kopfklinik;Projektvorgaben;PV2;"	- BO und Raum- und Funktionsplan nicht detailliert <br>- keine eindeutige Projektabgrenzung zu anderen Projekten bzw. Instandhaltung";"	- Mehrkosten <br>- Verzögerung <br>"
1336;74;300;61;45;graphic;PV2;300;Risiko;Planungsfehler (z. B. Vorhabensbudget, Investitionsprogramm, Betriebsbudget, Folgekosten usw.);Vorprojekt Kopfklinik;Projektvorgaben;PV2;"	- BO und Raum- und Funktionsplan nicht detailliert <br>- keine eindeutige Projektabgrenzung zu anderen Projekten bzw. Instandhaltung";"	- Mehrkosten <br>- Verzögerung <br>"
1337;76;301;61;46;classic;PV3;301;Risiko;keine Kompatibilität der Projektziele mit den Abteilungszielen/Nutzer;Vorprojekt Kopfklinik;Projektvorgaben;PV3;"	- Auffassungsunterschiede/Interessen zw. Projektbeteiligten KM und Klinikum aufgrund unterschiedlicher Prioritäten <br>- keine Akzeptanz der Projektvorgaben durch die Nutzer";Behinderung der Projektabwicklung
1338;72;301;61;46;graphic;PV3;301;Risiko;keine Kompatibilität der Projektziele mit den Abteilungszielen/Nutzer;Vorprojekt Kopfklinik;Projektvorgaben;PV3;"	- Auffassungsunterschiede/Interessen zw. Projektbeteiligten KM und Klinikum aufgrund unterschiedlicher Prioritäten <br>- keine Akzeptanz der Projektvorgaben durch die Nutzer";Behinderung der Projektabwicklung
1339;76;302;61;47;classic;PV4;302;Risiko;keine ausreichend klare Formulierung der Projektziele;Vorprojekt Kopfklinik;Projektvorgaben;PV4;;"	- Gefährdung den Projekterfolgs"
1340;72;302;61;47;graphic;PV4;302;Risiko;keine ausreichend klare Formulierung der Projektziele;Vorprojekt Kopfklinik;Projektvorgaben;PV4;;"	- Gefährdung den Projekterfolgs"
1341;78;303;61;48;classic;PV5;303;Risiko;keine ausreichende Berücksichtigung der Nutzeranforderungen in der Planung;Vorprojekt Kopfklinik;Projektvorgaben;PV5;"	- mangelhafte (Architekten-)Planung (unzureichendes Raumangebot)  <br> <br>- siehe beispielhaft nachfolgende Punkte: <br> Nuklearmedizin: Übersiedelung bzw. Neubau folgender Strukturen: <br>- Aufnahme Nuklearmedizin <br>- Aufnahme Schilddrüse/Spezialambulanzen <br>HNO <br>- Berücksichtigung der hohen Frequenzen (Haupteingang) <br>- Lenken der Patient:innenströme im ambulanten Bereich <br> Physikalische Medizin: <br>- Therapiebecken für Wasseranwendungen <br>- Raum Medizinische Trainingstherapie <br> Hygiene <br>- ausreichender Lagerräume und -flächen => Just in Time-Lieferungen z. B. von patientenbezogenen OP-Tassen  <br>- ausreichend Bettenlagerflächen (erhöhtes Patient:innenaufkommen in der Holdingarea OP-Bereich) <br> Technik <br>- hohe Zwischendecken (zukünftige Nachrüstungen) / Zwischendeckenelemente <br>- Aufzüge (inkl. Schachtentlüftung) redundant ausführen";"	- keine Anpassung der Räumlichkeiten an die Untersuchungsanforderungen (z. B. Pädaudiometrie muss vollständig verdunkelt werden können, Waschbecken in allen Räumlichkeiten) <br>- keine korrekte Durchführung von Messungen <br>- Gefährdung des Untersuchungserfolgs  <br>- Gefährdung der Patient:innensicherheit <br>- Fülle an Anforderungen können nicht zeitnah erfüllt werden <br>- Ressourcenmehrbedarf"
1342;74;303;61;48;graphic;PV5;303;Risiko;keine ausreichende Berücksichtigung der Nutzeranforderungen in der Planung;Vorprojekt Kopfklinik;Projektvorgaben;PV5;"	- mangelhafte (Architekten-)Planung (unzureichendes Raumangebot)  <br> <br>- siehe beispielhaft nachfolgende Punkte: <br> Nuklearmedizin: Übersiedelung bzw. Neubau folgender Strukturen: <br>- Aufnahme Nuklearmedizin <br>- Aufnahme Schilddrüse/Spezialambulanzen <br>HNO <br>- Berücksichtigung der hohen Frequenzen (Haupteingang) <br>- Lenken der Patient:innenströme im ambulanten Bereich <br> Physikalische Medizin: <br>- Therapiebecken für Wasseranwendungen <br>- Raum Medizinische Trainingstherapie <br> Hygiene <br>- ausreichender Lagerräume und -flächen => Just in Time-Lieferungen z. B. von patientenbezogenen OP-Tassen  <br>- ausreichend Bettenlagerflächen (erhöhtes Patient:innenaufkommen in der Holdingarea OP-Bereich) <br> Technik <br>- hohe Zwischendecken (zukünftige Nachrüstungen) / Zwischendeckenelemente <br>- Aufzüge (inkl. Schachtentlüftung) redundant ausführen";"	- keine Anpassung der Räumlichkeiten an die Untersuchungsanforderungen (z. B. Pädaudiometrie muss vollständig verdunkelt werden können, Waschbecken in allen Räumlichkeiten) <br>- keine korrekte Durchführung von Messungen <br>- Gefährdung des Untersuchungserfolgs  <br>- Gefährdung der Patient:innensicherheit <br>- Fülle an Anforderungen können nicht zeitnah erfüllt werden <br>- Ressourcenmehrbedarf"
1343;76;304;61;49;classic;PV6;304;Risiko;Baufeld in zentralem Krankenhausumfeld;Vorprojekt Kopfklinik;Projektvorgaben;PV6;(Not-)Anlieferung von Patient:innen, Logistiktransporte, Besucher;chaotische Verkehrssituation
1344;72;304;61;49;graphic;PV6;304;Risiko;Baufeld in zentralem Krankenhausumfeld;Vorprojekt Kopfklinik;Projektvorgaben;PV6;(Not-)Anlieferung von Patient:innen, Logistiktransporte, Besucher;chaotische Verkehrssituation
1345;77;305;61;50;classic;RA1;305;Risiko;keine Berücksichtigung etwaiger gesetzlicher Vorgaben des Strahlenschutz im Rahmen von Bautätigkeiten;Vorprojekt Kopfklinik;rechtliche Aspekte;RA1;"	- Gefahrenstoffe";"	- möglicherweise Abstände und Absperrungen notwendig"
1346;73;305;61;50;graphic;RA1;305;Risiko;keine Berücksichtigung etwaiger gesetzlicher Vorgaben des Strahlenschutz im Rahmen von Bautätigkeiten;Vorprojekt Kopfklinik;rechtliche Aspekte;RA1;"	- Gefahrenstoffe";"	- möglicherweise Abstände und Absperrungen notwendig"
1347;72;306;61;51;classic;RA2;306;Risiko;negative Stellungnahme durch den L-RH oder sonstiger Behörden;Vorprojekt Kopfklinik;rechtliche Aspekte;RA2;keine Vorabklärung mit Behörden (z. B. L-RH, Sanitätsbewilligungsbehörde usw.);"	- keine Realisierungsgenehmigung <br>- zeitliche Verzögerung <br>- Mehrkosten <br>- Verlängerung Risiko HNO"
1348;68;306;61;51;graphic;RA2;306;Risiko;negative Stellungnahme durch den L-RH oder sonstiger Behörden;Vorprojekt Kopfklinik;rechtliche Aspekte;RA2;keine Vorabklärung mit Behörden (z. B. L-RH, Sanitätsbewilligungsbehörde usw.);"	- keine Realisierungsgenehmigung <br>- zeitliche Verzögerung <br>- Mehrkosten <br>- Verlängerung Risiko HNO"
1349;76;307;61;52;classic;RA3;307;Risiko;Verzögerungen in diversen Vergabeverfahren (Einsprüche) vor allem bei Schlüsselgewerken;Vorprojekt Kopfklinik;rechtliche Aspekte;RA3;"	- unklare Ausschreibungsunterlagen <br>- Vorgaben im Bezug auf den Beschaffungsprozess /Ausschreibung und Vergaben werden nicht eingehalten <br>- Willkür der Einsprucherhebenden";"	- zeitliche Verzögerungen <br>- Mehrkosten"
1350;72;307;61;52;graphic;RA3;307;Risiko;Verzögerungen in diversen Vergabeverfahren (Einsprüche) vor allem bei Schlüsselgewerken;Vorprojekt Kopfklinik;rechtliche Aspekte;RA3;"	- unklare Ausschreibungsunterlagen <br>- Vorgaben im Bezug auf den Beschaffungsprozess /Ausschreibung und Vergaben werden nicht eingehalten <br>- Willkür der Einsprucherhebenden";"	- zeitliche Verzögerungen <br>- Mehrkosten"
1351;71;308;61;53;classic;SI1;308;Risiko;keine ausreichende Zugangsregelung der Nuklearmedizin zum Zeitpunkt des Abbruch des Nordtraktes von Gebäude 161 und entsprechende Information aller Beteiligten darüber;Vorprojekt Kopfklinik;Sicherheit;SI1;;
1352;67;308;61;53;graphic;SI1;308;Risiko;keine ausreichende Zugangsregelung der Nuklearmedizin zum Zeitpunkt des Abbruch des Nordtraktes von Gebäude 161 und entsprechende Information aller Beteiligten darüber;Vorprojekt Kopfklinik;Sicherheit;SI1;;
1353;72;310;61;55;classic;SI3;310;Risiko;keine ausreichende Baugrubenabsicherung zum angrenzenden Betrieb;Vorprojekt Kopfklinik;Sicherheit;SI3;;
1354;68;310;61;55;graphic;SI3;310;Risiko;keine ausreichende Baugrubenabsicherung zum angrenzenden Betrieb;Vorprojekt Kopfklinik;Sicherheit;SI3;;
1355;73;311;61;56;classic;SI4;311;Risiko;Ausfall kritischer Infrastruktur;Vorprojekt Kopfklinik;Sicherheit;SI4;Anschluss- und Baumaßnahmen (Kälte, Wärme, Abwasser, Wasser usw.);Versorgungsauftrag kann nicht erfüllt werden
1356;69;311;61;56;graphic;SI4;311;Risiko;Ausfall kritischer Infrastruktur;Vorprojekt Kopfklinik;Sicherheit;SI4;Anschluss- und Baumaßnahmen (Kälte, Wärme, Abwasser, Wasser usw.);Versorgungsauftrag kann nicht erfüllt werden
1357;65;312;61;57;classic;SI5;312;Risiko;Kollektorgang nicht nutzbar;Vorprojekt Kopfklinik;Sicherheit;SI5;Bautätigkeiten;Einschränkungen in der Versorgung ( Logistik)
1358;61;312;61;57;graphic;SI5;312;Risiko;Kollektorgang nicht nutzbar;Vorprojekt Kopfklinik;Sicherheit;SI5;Bautätigkeiten;Einschränkungen in der Versorgung ( Logistik)
1359;74;313;61;58;classic;SI6;313;Risiko;Beeinträchtigung des Zugangs/Zufahrt der Notaufnahme;Vorprojekt Kopfklinik;Sicherheit;SI6;Intensive Verschränkung des Baustellenverkehrs mit dem laufenden Betrieb im hochfrequentierten Bereich der Notfallaufnahme;Beeinflussung der (Rettungs-)Notfahrten
1360;70;313;61;58;graphic;SI6;313;Risiko;Beeinträchtigung des Zugangs/Zufahrt der Notaufnahme;Vorprojekt Kopfklinik;Sicherheit;SI6;Intensive Verschränkung des Baustellenverkehrs mit dem laufenden Betrieb im hochfrequentierten Bereich der Notfallaufnahme;Beeinflussung der (Rettungs-)Notfahrten
1361;66;314;61;59;classic;SI7;314;Risiko;Zeitgerechte Umsetzung/Überwachung vorhabensbezogener sicherheitstechnischer Vorgaben;Vorprojekt Kopfklinik;Sicherheit;SI7;;
1362;62;314;61;59;graphic;SI7;314;Risiko;Zeitgerechte Umsetzung/Überwachung vorhabensbezogener sicherheitstechnischer Vorgaben;Vorprojekt Kopfklinik;Sicherheit;SI7;;
1363;70;315;61;60;classic;SI8;315;Risiko;keine ausreichende Einbindung und Information der Sicherheitsbeauftragten über sicherheitsrelevante Faktoren;Vorprojekt Kopfklinik;Sicherheit;SI8;;
1364;66;315;61;60;graphic;SI8;315;Risiko;keine ausreichende Einbindung und Information der Sicherheitsbeauftragten über sicherheitsrelevante Faktoren;Vorprojekt Kopfklinik;Sicherheit;SI8;;
1365;68;316;61;61;classic;SI9;316;Risiko;Gefährdung des Abklingbeckens durch Bestandsabriss in Nähe;Vorprojekt Kopfklinik;Sicherheit;SI9;Baumaßnahmen;Gefährdung des Grundwassers
1366;64;316;61;61;graphic;SI9;316;Risiko;Gefährdung des Abklingbeckens durch Bestandsabriss in Nähe;Vorprojekt Kopfklinik;Sicherheit;SI9;Baumaßnahmen;Gefährdung des Grundwassers
1367;67;318;61;63;classic;TE2;318;Risiko;Beschädigung bzw. Beeinträchtigung der Betriebsbereitschaft sensibler medizintechnischer Geräte (z. B. SPECT Kameras, Szintillationskristalle) Bestand und Siedlungsgut;Vorprojekt Kopfklinik;Technik;TE2;"	- Abriss <br>- Erschütterungen <br>- Temperaturschwankungen <br>- Staubentwicklung";Gefährdung der Patient:innensicherheit
1368;63;318;61;63;graphic;TE2;318;Risiko;Beschädigung bzw. Beeinträchtigung der Betriebsbereitschaft sensibler medizintechnischer Geräte (z. B. SPECT Kameras, Szintillationskristalle) Bestand und Siedlungsgut;Vorprojekt Kopfklinik;Technik;TE2;"	- Abriss <br>- Erschütterungen <br>- Temperaturschwankungen <br>- Staubentwicklung";Gefährdung der Patient:innensicherheit
1369;72;322;61;65;classic;TE4;322;Chance;Fernwärme/Kälteversorgung für zukünftige Versorgung berücksichtigen (Neuverlegung, Trassenführung);Vorprojekt Kopfklinik;Technik;TE4;;
1370;68;322;61;65;graphic;TE4;322;Chance;Fernwärme/Kälteversorgung für zukünftige Versorgung berücksichtigen (Neuverlegung, Trassenführung);Vorprojekt Kopfklinik;Technik;TE4;;
1371;69;323;61;66;classic;TE5;323;Chance;Kollektorgänge für zukünftige Erweiterungen vorbereitet (Onkozentrum);Vorprojekt Kopfklinik;Technik;TE5;;
1372;65;323;61;66;graphic;TE5;323;Chance;Kollektorgänge für zukünftige Erweiterungen vorbereitet (Onkozentrum);Vorprojekt Kopfklinik;Technik;TE5;;
1373;76;325;61;72;classic;UÖ2;325;Chance;Integration ressourcenschonender Energienutzungsmodelle in die Projektplanung (Alternativenergie, Passivhausstandard, Grundwasserkühlung/-energiespeicherung, Photovoltaik (z. B. in Fassade integrieren oder am Dach), Erdwärme, Sonnenschutz - starke Lamellen, Fassadenfarbe, Niedertemperatur Heiz-Kühlsystem (Baukernaktivierung,  usw.);Vorprojekt Kopfklinik;Umwelt, Ökologie;UÖ2;;"	- erhöhter Baukosteneinsatz <br>- zusätzliche Beschattung"
1374;72;325;61;72;graphic;UÖ2;325;Chance;Integration ressourcenschonender Energienutzungsmodelle in die Projektplanung (Alternativenergie, Passivhausstandard, Grundwasserkühlung/-energiespeicherung, Photovoltaik (z. B. in Fassade integrieren oder am Dach), Erdwärme, Sonnenschutz - starke Lamellen, Fassadenfarbe, Niedertemperatur Heiz-Kühlsystem (Baukernaktivierung,  usw.);Vorprojekt Kopfklinik;Umwelt, Ökologie;UÖ2;;"	- erhöhter Baukosteneinsatz <br>- zusätzliche Beschattung"
1375;69;332;61;79;classic;UÖ9;332;Chance;Förderungen lukrieren;Vorprojekt Kopfklinik;Umwelt, Ökologie;UÖ9;;Budgetschonung
1376;65;332;61;79;graphic;UÖ9;332;Chance;Förderungen lukrieren;Vorprojekt Kopfklinik;Umwelt, Ökologie;UÖ9;;Budgetschonung
1377;76;346;61;3;classic;BB3;346;Chance;Nutzung der Erfahrung der Beteiligten aus den Fachbereichen, Fachbereichsmitarbeiter:innen zu Beteiligten machen und einbeziehen;Vorprojekt Kopfklinik;Beteiligte, Betroffene;BB3;;Frühzeitige Erhebung und Berücksichtigung von Schnittstellenproblemen und -defiziten
1378;74;346;61;3;graphic;BB3;346;Chance;Nutzung der Erfahrung der Beteiligten aus den Fachbereichen, Fachbereichsmitarbeiter:innen zu Beteiligten machen und einbeziehen;Vorprojekt Kopfklinik;Beteiligte, Betroffene;BB3;;Frühzeitige Erhebung und Berücksichtigung von Schnittstellenproblemen und -defiziten
1379;65;364;61;21;classic;PF3;364;Chance;Etablierung einer zentralen Leitstelle für die Schilddrüsenambulanz und die Nuklearmedizin;Vorprojekt Kopfklinik;Projektfolgen;PF3;;"	- effektive und effiziente Prozessgestaltung <br>- Ressourcenschonung <br>- gesteigerte Patienten- und Mitarbeiter:innen-Zufriedenheit"
1380;62;364;61;21;graphic;PF3;364;Chance;Etablierung einer zentralen Leitstelle für die Schilddrüsenambulanz und die Nuklearmedizin;Vorprojekt Kopfklinik;Projektfolgen;PF3;;"	- effektive und effiziente Prozessgestaltung <br>- Ressourcenschonung <br>- gesteigerte Patienten- und Mitarbeiter:innen-Zufriedenheit"
1381;73;366;61;23;classic;PF5;366;Chance;Harmonisierung unterschiedlicher Standards und Umsetzungsgrade in prozessübergreifenden Managementsystemen (z. B.  Qualitäts- und Risikomanagement, ISMS, Compliance) und anderen Systemen;Vorprojekt Kopfklinik;Projektfolgen;PF5;;
1382;69;366;61;23;graphic;PF5;366;Chance;Harmonisierung unterschiedlicher Standards und Umsetzungsgrade in prozessübergreifenden Managementsystemen (z. B.  Qualitäts- und Risikomanagement, ISMS, Compliance) und anderen Systemen;Vorprojekt Kopfklinik;Projektfolgen;PF5;;
1383;70;287;61;32;classic;PF14;287;Chance;Adaptierung/Modernisierung der räumlichen Strukturen an die Anforderungen des Versorgungsauftrags sowie an die Anforderungen der betroffenen Primär- und Sekundärversorgungsbereiche;Vorprojekt Kopfklinik;Projektfolgen;PF14;"	- demographische Entwicklung <br>Allgemein: <br>- infrastrukturelle Veränderung <br>- personalstrukturelle Veränderung <br>- abrechnungstechnische Veränderung <br>- beschaffungsspezifische Veränderung <br>- besserer Patient:innenkomfort im stationären (Betten-)Bereich <br>- bessere Anbindung an das CMZ (kürzere Patiet:innenwege <br>- bessere Umsetzung von Schallschutzmaßnahmen (Audiometrie) <br>";"	- Berücksichtigung zukünftiger Versorungsbedarfe  <br>- Erhöhung der Versorgungsqualität (Reduktion der Wartezeiten) <br>- Stärkung des medizinischen Standards der Fachbereiche <br>- Effektivere und effizientere Gestaltung der Arbeitsabläufe bzw. des klinischen Alltags (z. B. Einführung einer zentralen Leitstelle / elektronische Unterstützung, Einführung neuer Berufsgruppen z. B. MOA, OA) <br>- kürzere Wege <br>- Verbesserung der Patienten- und Mitarbeiter:innen-Zufriedenheit ==> Imageverbesserung <br>- fachübergreifende Vernetzung der Fächer des Kopfzentrums <br>- Beibehaltung bzw. Erhöhung der Felxibilität des med. Personals => Schonung der Personalressource <br>- kein Bedarf des Transports radioaktiver Tracer <br>- Verbesserung der interdisziplinären Zusammenarbeit der Fachbereiche <br>- Nutzung von Synergien durch die Zusammenführung einzelner bisher autarker Fachbereiche <br>- Verschiebung von Marktanteilen"
1384;67;287;61;32;graphic;PF14;287;Chance;Adaptierung/Modernisierung der räumlichen Strukturen an die Anforderungen des Versorgungsauftrags sowie an die Anforderungen der betroffenen Primär- und Sekundärversorgungsbereiche;Vorprojekt Kopfklinik;Projektfolgen;PF14;"	- demographische Entwicklung <br>Allgemein: <br>- infrastrukturelle Veränderung <br>- personalstrukturelle Veränderung <br>- abrechnungstechnische Veränderung <br>- beschaffungsspezifische Veränderung <br>- besserer Patient:innenkomfort im stationären (Betten-)Bereich <br>- bessere Anbindung an das CMZ (kürzere Patiet:innenwege <br>- bessere Umsetzung von Schallschutzmaßnahmen (Audiometrie) <br>";"	- Berücksichtigung zukünftiger Versorungsbedarfe  <br>- Erhöhung der Versorgungsqualität (Reduktion der Wartezeiten) <br>- Stärkung des medizinischen Standards der Fachbereiche <br>- Effektivere und effizientere Gestaltung der Arbeitsabläufe bzw. des klinischen Alltags (z. B. Einführung einer zentralen Leitstelle / elektronische Unterstützung, Einführung neuer Berufsgruppen z. B. MOA, OA) <br>- kürzere Wege <br>- Verbesserung der Patienten- und Mitarbeiter:innen-Zufriedenheit ==> Imageverbesserung <br>- fachübergreifende Vernetzung der Fächer des Kopfzentrums <br>- Beibehaltung bzw. Erhöhung der Felxibilität des med. Personals => Schonung der Personalressource <br>- kein Bedarf des Transports radioaktiver Tracer <br>- Verbesserung der interdisziplinären Zusammenarbeit der Fachbereiche <br>- Nutzung von Synergien durch die Zusammenführung einzelner bisher autarker Fachbereiche <br>- Verschiebung von Marktanteilen"
1385;70;288;61;33;classic;PF15;288;Chance;nachhaltige Interimslösung der Räumlichkeiten zur Nachnutzung als Ausweichstation;Vorprojekt Kopfklinik;Projektfolgen;PF15;;
1386;67;288;61;33;graphic;PF15;288;Chance;nachhaltige Interimslösung der Räumlichkeiten zur Nachnutzung als Ausweichstation;Vorprojekt Kopfklinik;Projektfolgen;PF15;;
1387;73;290;61;35;classic;PU2;290;Chance;Einhaltung sicherheits- und gesundheitspolitischer Auflagen und Einschränkungen (ÖSG-RSG);Vorprojekt Kopfklinik;Projektumfeld;PU2;;
1388;69;290;61;35;graphic;PU2;290;Chance;Einhaltung sicherheits- und gesundheitspolitischer Auflagen und Einschränkungen (ÖSG-RSG);Vorprojekt Kopfklinik;Projektumfeld;PU2;;
1389;76;291;61;36;classic;PU3;291;Chance;Verbesserung der Positionierung am Arbeitsmarkt;Vorprojekt Kopfklinik;Projektumfeld;PU3;z. B. moderne Strukturen und Arbeitsabläufe;"	- gesteigertes Interesse bei DGKP, PA, RT, BMA"
1390;72;291;61;36;graphic;PU3;291;Chance;Verbesserung der Positionierung am Arbeitsmarkt;Vorprojekt Kopfklinik;Projektumfeld;PU3;z. B. moderne Strukturen und Arbeitsabläufe;"	- gesteigertes Interesse bei DGKP, PA, RT, BMA"
1391;75;292;61;37;classic;PU4;292;Chance;Verbesserung der interdisziplinären Zusammenarbeit;Vorprojekt Kopfklinik;Projektumfeld;PU4;räumliche und organisatorische Zusammenführung;Verbesserung der Versorgungsqualität
1392;71;292;61;37;graphic;PU4;292;Chance;Verbesserung der interdisziplinären Zusammenarbeit;Vorprojekt Kopfklinik;Projektumfeld;PU4;räumliche und organisatorische Zusammenführung;Verbesserung der Versorgungsqualität
1393;61;293;61;38;classic;PU5;293;Chance;Integration der Pädaudiometrie in die HNO bzw. Kopfzentrum;Vorprojekt Kopfklinik;Projektumfeld;PU5;;"	- Verbesserung der intramuralen Versorgung für Kinder;  <br>- zeitökonomisches Arbeiten möglich (dzt. Lange Wartezeiten für den Pat./weite Wege im Klinikum, direkte Kommunikation zw. Arzt und Logopädie derzeit nur eingeschränkt gegeben)"
1394;58;293;61;38;graphic;PU5;293;Chance;Integration der Pädaudiometrie in die HNO bzw. Kopfzentrum;Vorprojekt Kopfklinik;Projektumfeld;PU5;;"	- Verbesserung der intramuralen Versorgung für Kinder;  <br>- zeitökonomisches Arbeiten möglich (dzt. Lange Wartezeiten für den Pat./weite Wege im Klinikum, direkte Kommunikation zw. Arzt und Logopädie derzeit nur eingeschränkt gegeben)"
1395;70;294;61;39;classic;PU6;294;Chance;Neubau;Vorprojekt Kopfklinik;Projektumfeld;PU6;;sprunghafte Strukturqualitätssteigerung, Minimierung der Betriebsausfälle
1396;66;294;61;39;graphic;PU6;294;Chance;Neubau;Vorprojekt Kopfklinik;Projektumfeld;PU6;;sprunghafte Strukturqualitätssteigerung, Minimierung der Betriebsausfälle
1397;73;297;61;24;classic;PF6;297;Chance;Baufeldfreimachung für zukünftige Projekte;Vorprojekt Kopfklinik;Projektfolgen;PF6;HNO, 1. Med.;
1398;69;297;61;24;graphic;PF6;297;Chance;Baufeldfreimachung für zukünftige Projekte;Vorprojekt Kopfklinik;Projektfolgen;PF6;HNO, 1. Med.;
1399;74;309;61;54;classic;SI2;309;Chance;Steigerung der Sicherheit von Patient:innen, Mitarbeiter:innen und Dritter;Vorprojekt Kopfklinik;Sicherheit;SI2;;
1400;70;309;61;54;graphic;SI2;309;Chance;Steigerung der Sicherheit von Patient:innen, Mitarbeiter:innen und Dritter;Vorprojekt Kopfklinik;Sicherheit;SI2;;
1401;71;317;61;62;classic;TE1;317;Chance;Verbesserung der technischen Betriebssicherheit;Vorprojekt Kopfklinik;Technik;TE1;;
1402;67;317;61;62;graphic;TE1;317;Chance;Verbesserung der technischen Betriebssicherheit;Vorprojekt Kopfklinik;Technik;TE1;;
1403;72;319;61;64;classic;TE3;319;Chance;Zusammenführung, Anbindung, Harmonisierung struktureller und technischer Standards und deren Auslegung (alt/neu) ==> Implementierung aktueller Haus- und Betriebstechnik;Vorprojekt Kopfklinik;Technik;TE3;"	- Umsetzung eines Neubaus";"	- moderne, gleichwertige technische Infrastruktur <br>- Anlagenredundanz"
1404;68;319;61;64;graphic;TE3;319;Chance;Zusammenführung, Anbindung, Harmonisierung struktureller und technischer Standards und deren Auslegung (alt/neu) ==> Implementierung aktueller Haus- und Betriebstechnik;Vorprojekt Kopfklinik;Technik;TE3;"	- Umsetzung eines Neubaus";"	- moderne, gleichwertige technische Infrastruktur <br>- Anlagenredundanz"
